GeneID	GTEx_Tissue	Altai	Vindija	Denisova
ENSG00000034533	Adipose_Subcutaneous	1	1	0
ENSG00000081181	Adipose_Subcutaneous	1	1	0
ENSG00000088827	Adipose_Subcutaneous	1	0	0
ENSG00000101638	Adipose_Subcutaneous	1	1	1
ENSG00000103248	Adipose_Subcutaneous	1	1	0
ENSG00000103275	Adipose_Subcutaneous	1	1	0
ENSG00000103496	Adipose_Subcutaneous	1	1	1
ENSG00000104774	Adipose_Subcutaneous	1	0	0
ENSG00000105327	Adipose_Subcutaneous	1	1	1
ENSG00000108465	Adipose_Subcutaneous	1	1	1
ENSG00000109576	Adipose_Subcutaneous	1	1	0
ENSG00000110514	Adipose_Subcutaneous	1	1	0
ENSG00000112419	Adipose_Subcutaneous	1	1	0
ENSG00000112578	Adipose_Subcutaneous	1	1	1
ENSG00000114547	Adipose_Subcutaneous	1	1	1
ENSG00000117016	Adipose_Subcutaneous	1	0	0
ENSG00000119004	Adipose_Subcutaneous	1	1	1
ENSG00000119457	Adipose_Subcutaneous	1	1	0
ENSG00000122678	Adipose_Subcutaneous	1	1	0
ENSG00000123992	Adipose_Subcutaneous	1	1	1
ENSG00000125870	Adipose_Subcutaneous	1	0	0
ENSG00000127903	Adipose_Subcutaneous	1	1	1
ENSG00000135213	Adipose_Subcutaneous	1	1	1
ENSG00000135245	Adipose_Subcutaneous	1	1	1
ENSG00000135643	Adipose_Subcutaneous	1	1	0
ENSG00000136720	Adipose_Subcutaneous	1	1	0
ENSG00000138231	Adipose_Subcutaneous	1	1	1
ENSG00000138777	Adipose_Subcutaneous	1	0	0
ENSG00000139364	Adipose_Subcutaneous	1	1	0
ENSG00000140199	Adipose_Subcutaneous	1	0	0
ENSG00000141252	Adipose_Subcutaneous	1	0	1
ENSG00000142784	Adipose_Subcutaneous	1	1	1
ENSG00000143228	Adipose_Subcutaneous	1	1	0
ENSG00000148516	Adipose_Subcutaneous	1	1	1
ENSG00000148926	Adipose_Subcutaneous	1	1	1
ENSG00000152133	Adipose_Subcutaneous	1	1	1
ENSG00000154175	Adipose_Subcutaneous	1	1	1
ENSG00000154760	Adipose_Subcutaneous	1	1	0
ENSG00000155034	Adipose_Subcutaneous	1	1	1
ENSG00000155189	Adipose_Subcutaneous	1	1	1
ENSG00000162073	Adipose_Subcutaneous	1	1	0
ENSG00000162413	Adipose_Subcutaneous	1	1	1
ENSG00000164022	Adipose_Subcutaneous	1	1	0
ENSG00000164187	Adipose_Subcutaneous	1	1	1
ENSG00000166888	Adipose_Subcutaneous	1	1	1
ENSG00000167178	Adipose_Subcutaneous	1	0	0
ENSG00000167283	Adipose_Subcutaneous	1	1	0
ENSG00000167286	Adipose_Subcutaneous	1	1	1
ENSG00000171763	Adipose_Subcutaneous	1	1	1
ENSG00000173542	Adipose_Subcutaneous	1	1	1
ENSG00000173614	Adipose_Subcutaneous	1	1	1
ENSG00000174483	Adipose_Subcutaneous	1	1	1
ENSG00000174808	Adipose_Subcutaneous	1	1	1
ENSG00000175416	Adipose_Subcutaneous	1	1	0
ENSG00000176095	Adipose_Subcutaneous	1	1	1
ENSG00000179598	Adipose_Subcutaneous	1	1	1
ENSG00000197479	Adipose_Subcutaneous	1	1	1
ENSG00000197858	Adipose_Subcutaneous	1	1	1
ENSG00000213930	Adipose_Subcutaneous	1	0	0
ENSG00000218739	Adipose_Subcutaneous	1	1	1
ENSG00000220032	Adipose_Subcutaneous	1	1	0
ENSG00000244242	Adipose_Subcutaneous	1	1	1
ENSG00000255103	Adipose_Subcutaneous	1	1	0
ENSG00000268926	Adipose_Subcutaneous	1	1	1
ENSG00000059377	Esophagus_Mucosa	1	1	1
ENSG00000069974	Esophagus_Mucosa	1	1	1
ENSG00000070882	Esophagus_Mucosa	1	1	0
ENSG00000078674	Esophagus_Mucosa	1	1	0
ENSG00000100348	Esophagus_Mucosa	1	1	0
ENSG00000100568	Esophagus_Mucosa	1	1	1
ENSG00000105643	Esophagus_Mucosa	1	1	0
ENSG00000106348	Esophagus_Mucosa	1	1	0
ENSG00000126368	Esophagus_Mucosa	1	1	0
ENSG00000127054	Esophagus_Mucosa	1	1	0
ENSG00000135213	Esophagus_Mucosa	1	1	1
ENSG00000141012	Esophagus_Mucosa	1	1	1
ENSG00000141574	Esophagus_Mucosa	1	1	1
ENSG00000143772	Esophagus_Mucosa	1	0	0
ENSG00000157833	Esophagus_Mucosa	1	1	1
ENSG00000158714	Esophagus_Mucosa	1	1	1
ENSG00000161021	Esophagus_Mucosa	1	1	0
ENSG00000162073	Esophagus_Mucosa	1	1	0
ENSG00000164850	Esophagus_Mucosa	1	1	0
ENSG00000165752	Esophagus_Mucosa	1	1	0
ENSG00000167186	Esophagus_Mucosa	1	1	0
ENSG00000168356	Esophagus_Mucosa	1	1	1
ENSG00000171227	Esophagus_Mucosa	1	0	0
ENSG00000173614	Esophagus_Mucosa	1	1	1
ENSG00000176108	Esophagus_Mucosa	1	1	0
ENSG00000177025	Esophagus_Mucosa	1	1	0
ENSG00000181625	Esophagus_Mucosa	1	1	1
ENSG00000183309	Esophagus_Mucosa	1	0	0
ENSG00000186777	Esophagus_Mucosa	1	0	1
ENSG00000204314	Esophagus_Mucosa	1	0	1
ENSG00000206075	Esophagus_Mucosa	1	1	1
ENSG00000227268	Esophagus_Mucosa	1	1	1
ENSG00000258818	Esophagus_Mucosa	1	1	0
ENSG00000016490	Esophagus_Mucosa	1	1	1
ENSG00000110756	Esophagus_Mucosa	1	1	1
ENSG00000118922	Esophagus_Mucosa	1	1	0
ENSG00000119919	Esophagus_Mucosa	1	1	1
ENSG00000123684	Esophagus_Mucosa	1	1	0
ENSG00000125846	Esophagus_Mucosa	1	1	1
ENSG00000133067	Esophagus_Mucosa	1	1	1
ENSG00000138107	Esophagus_Mucosa	1	1	1
ENSG00000139318	Esophagus_Mucosa	1	1	0
ENSG00000140688	Esophagus_Mucosa	1	1	1
ENSG00000141506	Esophagus_Mucosa	1	1	0
ENSG00000151929	Esophagus_Mucosa	1	1	1
ENSG00000161798	Esophagus_Mucosa	1	1	1
ENSG00000171311	Esophagus_Mucosa	1	1	0
ENSG00000171467	Esophagus_Mucosa	1	0	0
ENSG00000171992	Esophagus_Mucosa	1	1	0
ENSG00000176261	Esophagus_Mucosa	1	1	1
ENSG00000178104	Esophagus_Mucosa	1	1	1
ENSG00000180801	Esophagus_Mucosa	1	1	0
ENSG00000182272	Esophagus_Mucosa	1	1	1
ENSG00000198546	Esophagus_Mucosa	1	1	0
ENSG00000269155	Esophagus_Mucosa	1	1	0
ENSG00000086205	Adipose_Visceral_Omentum	1	1	1
ENSG00000115661	Adipose_Visceral_Omentum	1	1	1
ENSG00000119227	Adipose_Visceral_Omentum	1	0	1
ENSG00000119943	Adipose_Visceral_Omentum	1	1	1
ENSG00000130921	Adipose_Visceral_Omentum	1	1	1
ENSG00000132153	Adipose_Visceral_Omentum	1	1	1
ENSG00000133983	Adipose_Visceral_Omentum	1	1	1
ENSG00000136819	Adipose_Visceral_Omentum	1	1	0
ENSG00000140459	Adipose_Visceral_Omentum	1	1	0
ENSG00000148843	Adipose_Visceral_Omentum	1	1	1
ENSG00000151632	Adipose_Visceral_Omentum	1	1	0
ENSG00000154229	Adipose_Visceral_Omentum	1	1	1
ENSG00000154309	Adipose_Visceral_Omentum	1	0	0
ENSG00000164197	Adipose_Visceral_Omentum	1	1	1
ENSG00000165752	Adipose_Visceral_Omentum	1	1	0
ENSG00000167123	Adipose_Visceral_Omentum	1	1	0
ENSG00000174080	Adipose_Visceral_Omentum	1	1	0
ENSG00000176148	Adipose_Visceral_Omentum	1	1	0
ENSG00000188542	Adipose_Visceral_Omentum	1	1	1
ENSG00000221953	Adipose_Visceral_Omentum	1	1	1
ENSG00000250673	Adipose_Visceral_Omentum	1	1	1
ENSG00000267508	Adipose_Visceral_Omentum	1	1	0
ENSG00000140538	Adipose_Visceral_Omentum	1	1	0
ENSG00000198791	Adipose_Visceral_Omentum	1	1	0
ENSG00000006831	Adipose_Visceral_Omentum	1	1	1
ENSG00000086589	Adipose_Visceral_Omentum	1	1	1
ENSG00000100591	Adipose_Visceral_Omentum	1	1	0
ENSG00000108231	Adipose_Visceral_Omentum	1	0	1
ENSG00000115896	Adipose_Visceral_Omentum	1	1	0
ENSG00000128607	Adipose_Visceral_Omentum	1	1	1
ENSG00000163156	Adipose_Visceral_Omentum	1	1	1
ENSG00000165669	Adipose_Visceral_Omentum	1	1	0
ENSG00000187266	Adipose_Visceral_Omentum	1	1	1
ENSG00000187607	Adipose_Visceral_Omentum	1	1	1
ENSG00000023909	Esophagus_Muscularis	1	1	1
ENSG00000064313	Esophagus_Muscularis	1	1	1
ENSG00000066248	Esophagus_Muscularis	1	1	1
ENSG00000073584	Esophagus_Muscularis	1	1	1
ENSG00000101052	Esophagus_Muscularis	1	1	0
ENSG00000107669	Esophagus_Muscularis	1	1	0
ENSG00000111348	Esophagus_Muscularis	1	1	1
ENSG00000115129	Esophagus_Muscularis	1	0	0
ENSG00000121101	Esophagus_Muscularis	1	1	1
ENSG00000131941	Esophagus_Muscularis	1	1	1
ENSG00000152944	Esophagus_Muscularis	1	1	1
ENSG00000163867	Esophagus_Muscularis	1	1	1
ENSG00000169914	Esophagus_Muscularis	1	1	0
ENSG00000170509	Esophagus_Muscularis	1	1	1
ENSG00000171503	Esophagus_Muscularis	1	0	0
ENSG00000173218	Esophagus_Muscularis	1	1	1
ENSG00000173473	Esophagus_Muscularis	1	1	1
ENSG00000183741	Esophagus_Muscularis	1	1	1
ENSG00000196648	Esophagus_Muscularis	1	1	1
ENSG00000197943	Esophagus_Muscularis	1	1	0
ENSG00000197980	Esophagus_Muscularis	1	1	0
ENSG00000198075	Esophagus_Muscularis	1	1	1
ENSG00000198399	Esophagus_Muscularis	1	1	0
ENSG00000253958	Esophagus_Muscularis	1	0	1
ENSG00000258366	Esophagus_Muscularis	1	1	0
ENSG00000268885	Esophagus_Muscularis	1	1	0
ENSG00000075239	Esophagus_Muscularis	1	1	1
ENSG00000085365	Esophagus_Muscularis	1	1	0
ENSG00000085741	Esophagus_Muscularis	1	0	0
ENSG00000090612	Esophagus_Muscularis	1	0	0
ENSG00000132950	Esophagus_Muscularis	1	1	0
ENSG00000145495	Esophagus_Muscularis	1	1	1
ENSG00000165915	Esophagus_Muscularis	1	1	1
ENSG00000166272	Esophagus_Muscularis	1	1	1
ENSG00000167333	Esophagus_Muscularis	1	1	0
ENSG00000173546	Esophagus_Muscularis	1	1	1
ENSG00000180071	Esophagus_Muscularis	1	0	1
ENSG00000188342	Esophagus_Muscularis	1	1	1
ENSG00000090920	Esophagus_Muscularis	1	1	1
ENSG00000103091	Esophagus_Muscularis	1	1	1
ENSG00000104687	Esophagus_Muscularis	1	1	1
ENSG00000119703	Esophagus_Muscularis	1	1	1
ENSG00000121073	Esophagus_Muscularis	1	1	1
ENSG00000132170	Esophagus_Muscularis	1	1	1
ENSG00000134571	Esophagus_Muscularis	1	1	1
ENSG00000134817	Esophagus_Muscularis	1	1	1
ENSG00000138442	Esophagus_Muscularis	1	1	1
ENSG00000166407	Esophagus_Muscularis	1	1	0
ENSG00000171219	Esophagus_Muscularis	1	1	1
ENSG00000171492	Esophagus_Muscularis	1	1	1
ENSG00000172531	Esophagus_Muscularis	1	1	1
ENSG00000172893	Esophagus_Muscularis	1	1	1
ENSG00000173928	Esophagus_Muscularis	1	1	1
ENSG00000178988	Esophagus_Muscularis	1	1	1
ENSG00000183647	Esophagus_Muscularis	1	0	0
ENSG00000186517	Esophagus_Muscularis	1	1	0
ENSG00000196666	Esophagus_Muscularis	1	1	1
ENSG00000222046	Esophagus_Muscularis	1	1	1
ENSG00000225526	Esophagus_Muscularis	1	1	1
ENSG00000005194	Adrenal_Gland	1	1	1
ENSG00000064687	Adrenal_Gland	1	1	0
ENSG00000111962	Adrenal_Gland	1	1	0
ENSG00000112149	Adrenal_Gland	1	1	1
ENSG00000115685	Adrenal_Gland	1	1	0
ENSG00000122678	Adrenal_Gland	1	0	0
ENSG00000134668	Adrenal_Gland	1	1	1
ENSG00000136197	Adrenal_Gland	1	1	1
ENSG00000138780	Adrenal_Gland	1	0	0
ENSG00000145439	Adrenal_Gland	1	0	0
ENSG00000155330	Adrenal_Gland	1	1	1
ENSG00000158104	Adrenal_Gland	1	1	1
ENSG00000166394	Adrenal_Gland	1	0	0
ENSG00000168411	Adrenal_Gland	1	1	0
ENSG00000169413	Adrenal_Gland	1	0	0
ENSG00000171314	Adrenal_Gland	1	1	1
ENSG00000197372	Adrenal_Gland	1	1	1
ENSG00000198520	Adrenal_Gland	1	1	1
ENSG00000198842	Adrenal_Gland	1	1	0
ENSG00000205571	Adrenal_Gland	1	1	1
ENSG00000243137	Adrenal_Gland	1	0	0
ENSG00000085117	Adrenal_Gland	1	1	1
ENSG00000136636	Adrenal_Gland	1	1	0
ENSG00000144395	Adrenal_Gland	1	1	1
ENSG00000163113	Adrenal_Gland	1	1	1
ENSG00000196268	Adrenal_Gland	1	1	1
ENSG00000049759	Adrenal_Gland	1	1	0
ENSG00000115607	Adrenal_Gland	1	1	1
ENSG00000157593	Adrenal_Gland	1	1	1
ENSG00000179886	Adrenal_Gland	1	1	0
ENSG00000105993	Adrenal_Gland	1	0	0
ENSG00000124253	Adrenal_Gland	1	1	1
ENSG00000170017	Adrenal_Gland	1	1	1
ENSG00000174371	Adrenal_Gland	1	1	1
ENSG00000068745	Heart_Atrial_Appendage	1	1	1
ENSG00000086205	Heart_Atrial_Appendage	1	1	1
ENSG00000100647	Heart_Atrial_Appendage	1	1	0
ENSG00000101282	Heart_Atrial_Appendage	1	1	0
ENSG00000109265	Heart_Atrial_Appendage	1	1	1
ENSG00000121578	Heart_Atrial_Appendage	1	1	0
ENSG00000125434	Heart_Atrial_Appendage	1	1	1
ENSG00000152684	Heart_Atrial_Appendage	1	1	1
ENSG00000158856	Heart_Atrial_Appendage	1	1	0
ENSG00000160991	Heart_Atrial_Appendage	1	1	1
ENSG00000161542	Heart_Atrial_Appendage	1	1	1
ENSG00000171798	Heart_Atrial_Appendage	1	1	0
ENSG00000119812	Heart_Atrial_Appendage	1	1	0
ENSG00000143457	Heart_Atrial_Appendage	1	1	1
ENSG00000161011	Heart_Atrial_Appendage	1	1	0
ENSG00000162576	Heart_Atrial_Appendage	1	1	0
ENSG00000165861	Heart_Atrial_Appendage	1	1	0
ENSG00000170385	Heart_Atrial_Appendage	1	1	1
ENSG00000112234	Heart_Atrial_Appendage	1	1	1
ENSG00000173705	Heart_Atrial_Appendage	1	0	0
ENSG00000084774	Heart_Atrial_Appendage	1	1	1
ENSG00000107341	Heart_Atrial_Appendage	1	1	1
ENSG00000120798	Heart_Atrial_Appendage	1	0	0
ENSG00000135837	Heart_Atrial_Appendage	1	1	1
ENSG00000142178	Heart_Atrial_Appendage	1	1	1
ENSG00000145687	Heart_Atrial_Appendage	1	1	1
ENSG00000066557	Brain_Anterior_cingulate_cortex_BA24	1	1	1
ENSG00000177479	Brain_Anterior_cingulate_cortex_BA24	1	1	1
ENSG00000197713	Brain_Anterior_cingulate_cortex_BA24	1	1	1
ENSG00000160190	Brain_Anterior_cingulate_cortex_BA24	1	1	0
ENSG00000232070	Brain_Anterior_cingulate_cortex_BA24	1	1	0
ENSG00000004487	Brain_Anterior_cingulate_cortex_BA24	1	1	0
ENSG00000081913	Brain_Anterior_cingulate_cortex_BA24	1	1	1
ENSG00000127993	Brain_Anterior_cingulate_cortex_BA24	1	1	0
ENSG00000084093	Brain_Anterior_cingulate_cortex_BA24	1	0	0
ENSG00000136040	Brain_Anterior_cingulate_cortex_BA24	1	0	0
ENSG00000170891	Brain_Anterior_cingulate_cortex_BA24	1	1	1
ENSG00000154640	Brain_Anterior_cingulate_cortex_BA24	1	1	1
ENSG00000162949	Brain_Anterior_cingulate_cortex_BA24	1	0	0
ENSG00000163132	Brain_Anterior_cingulate_cortex_BA24	1	1	0
ENSG00000011485	Heart_Left_Ventricle	1	1	1
ENSG00000036448	Heart_Left_Ventricle	1	1	0
ENSG00000100448	Heart_Left_Ventricle	1	1	0
ENSG00000103248	Heart_Left_Ventricle	1	1	0
ENSG00000118181	Heart_Left_Ventricle	1	1	1
ENSG00000125247	Heart_Left_Ventricle	1	1	1
ENSG00000134072	Heart_Left_Ventricle	1	1	1
ENSG00000142920	Heart_Left_Ventricle	1	1	1
ENSG00000162572	Heart_Left_Ventricle	1	1	1
ENSG00000164002	Heart_Left_Ventricle	1	1	0
ENSG00000170549	Heart_Left_Ventricle	1	1	1
ENSG00000171497	Heart_Left_Ventricle	1	1	1
ENSG00000182013	Heart_Left_Ventricle	1	1	0
ENSG00000187778	Heart_Left_Ventricle	1	1	1
ENSG00000198218	Heart_Left_Ventricle	1	1	1
ENSG00000213930	Heart_Left_Ventricle	1	0	0
ENSG00000214063	Heart_Left_Ventricle	1	1	1
ENSG00000258818	Heart_Left_Ventricle	1	1	0
ENSG00000080824	Heart_Left_Ventricle	1	1	1
ENSG00000130204	Heart_Left_Ventricle	1	1	1
ENSG00000134716	Heart_Left_Ventricle	1	1	0
ENSG00000150712	Heart_Left_Ventricle	1	1	1
ENSG00000187824	Heart_Left_Ventricle	1	1	1
ENSG00000198961	Heart_Left_Ventricle	1	1	1
ENSG00000108244	Heart_Left_Ventricle	1	0	0
ENSG00000099904	Heart_Left_Ventricle	1	1	1
ENSG00000152463	Heart_Left_Ventricle	1	0	0
ENSG00000124575	Heart_Left_Ventricle	1	1	0
ENSG00000142676	Heart_Left_Ventricle	1	1	1
ENSG00000184608	Heart_Left_Ventricle	1	1	0
ENSG00000106799	Heart_Left_Ventricle	1	1	0
ENSG00000111358	Heart_Left_Ventricle	1	1	0
ENSG00000111452	Heart_Left_Ventricle	1	1	1
ENSG00000153002	Heart_Left_Ventricle	1	1	0
ENSG00000080608	Artery_Aorta	1	1	1
ENSG00000103510	Artery_Aorta	1	1	1
ENSG00000103653	Artery_Aorta	1	1	1
ENSG00000104969	Artery_Aorta	1	1	0
ENSG00000122550	Artery_Aorta	1	1	1
ENSG00000129465	Artery_Aorta	1	1	1
ENSG00000132906	Artery_Aorta	1	1	0
ENSG00000133243	Artery_Aorta	1	1	1
ENSG00000134709	Artery_Aorta	1	1	0
ENSG00000136014	Artery_Aorta	1	1	1
ENSG00000138629	Artery_Aorta	1	1	1
ENSG00000139793	Artery_Aorta	1	1	1
ENSG00000144229	Artery_Aorta	1	1	1
ENSG00000146386	Artery_Aorta	1	1	0
ENSG00000148331	Artery_Aorta	1	1	1
ENSG00000160593	Artery_Aorta	1	1	0
ENSG00000162817	Artery_Aorta	1	1	0
ENSG00000167088	Artery_Aorta	1	1	1
ENSG00000169627	Artery_Aorta	1	1	1
ENSG00000179111	Artery_Aorta	1	1	0
ENSG00000204390	Artery_Aorta	1	1	1
ENSG00000204677	Artery_Aorta	1	0	1
ENSG00000218739	Artery_Aorta	1	1	1
ENSG00000239998	Artery_Aorta	1	1	0
ENSG00000241852	Artery_Aorta	1	1	1
ENSG00000023734	Artery_Aorta	1	1	1
ENSG00000112200	Artery_Aorta	1	1	0
ENSG00000134070	Artery_Aorta	1	1	0
ENSG00000137221	Artery_Aorta	1	1	0
ENSG00000171169	Artery_Aorta	1	1	1
ENSG00000173137	Artery_Aorta	1	1	0
ENSG00000138814	Artery_Aorta	1	1	1
ENSG00000145388	Artery_Aorta	1	1	1
ENSG00000188315	Artery_Aorta	1	1	1
ENSG00000103942	Artery_Aorta	1	0	0
ENSG00000105983	Artery_Aorta	1	1	1
ENSG00000132825	Artery_Aorta	1	1	0
ENSG00000197471	Artery_Aorta	1	1	1
ENSG00000003989	Artery_Aorta	1	1	0
ENSG00000130706	Artery_Aorta	1	1	0
ENSG00000011275	Artery_Aorta	1	1	0
ENSG00000115474	Artery_Aorta	1	1	1
ENSG00000166197	Artery_Aorta	1	0	0
ENSG00000168260	Artery_Aorta	1	1	0
ENSG00000177455	Artery_Aorta	1	1	1
ENSG00000178498	Artery_Aorta	1	1	1
ENSG00000198081	Artery_Aorta	1	1	1
ENSG00000263264	Artery_Aorta	1	1	1
ENSG00000264278	Artery_Aorta	1	1	0
ENSG00000070087	Liver	1	1	0
ENSG00000108784	Liver	1	1	1
ENSG00000122678	Liver	1	1	0
ENSG00000124920	Liver	1	1	0
ENSG00000165512	Liver	1	1	1
ENSG00000187288	Liver	1	0	0
ENSG00000213523	Liver	1	1	1
ENSG00000254685	Liver	1	1	1
ENSG00000269396	Liver	1	1	0
ENSG00000100221	Liver	1	1	1
ENSG00000158711	Liver	1	1	1
ENSG00000172270	Liver	1	1	0
ENSG00000196639	Liver	1	1	0
ENSG00000017427	Liver	1	1	1
ENSG00000149294	Liver	1	1	0
ENSG00000120054	Liver	1	1	1
ENSG00000131759	Liver	1	1	1
ENSG00000154217	Liver	1	1	0
ENSG00000011485	Artery_Coronary	1	1	0
ENSG00000012822	Artery_Coronary	1	1	1
ENSG00000039650	Artery_Coronary	1	0	1
ENSG00000101000	Artery_Coronary	1	1	1
ENSG00000129673	Artery_Coronary	1	1	1
ENSG00000133321	Artery_Coronary	1	1	1
ENSG00000134201	Artery_Coronary	1	1	1
ENSG00000166452	Artery_Coronary	1	1	0
ENSG00000180423	Artery_Coronary	1	1	1
ENSG00000185924	Artery_Coronary	1	1	1
ENSG00000070770	Artery_Coronary	1	1	0
ENSG00000120519	Artery_Coronary	1	1	1
ENSG00000130703	Artery_Coronary	1	1	1
ENSG00000198561	Artery_Coronary	1	1	1
ENSG00000053747	Artery_Coronary	1	1	1
ENSG00000108001	Artery_Coronary	1	1	0
ENSG00000111245	Artery_Coronary	1	1	0
ENSG00000123610	Artery_Coronary	1	1	0
ENSG00000129295	Artery_Coronary	1	1	0
ENSG00000168928	Artery_Coronary	1	1	1
ENSG00000205209	Artery_Coronary	1	0	0
ENSG00000233493	Artery_Coronary	1	1	0
ENSG00000273045	Artery_Coronary	1	1	1
ENSG00000110921	Artery_Coronary	1	1	1
ENSG00000131469	Artery_Coronary	1	1	1
ENSG00000138061	Artery_Coronary	1	1	0
ENSG00000138073	Artery_Coronary	1	1	0
ENSG00000140451	Artery_Coronary	1	1	1
ENSG00000188760	Artery_Coronary	1	1	1
ENSG00000011105	Lung	1	1	0
ENSG00000103496	Lung	1	1	1
ENSG00000134668	Lung	1	1	0
ENSG00000136247	Lung	1	1	1
ENSG00000137955	Lung	1	1	0
ENSG00000159640	Lung	1	1	1
ENSG00000161055	Lung	1	1	0
ENSG00000161896	Lung	1	1	1
ENSG00000162521	Lung	1	1	1
ENSG00000162572	Lung	1	1	1
ENSG00000162836	Lung	1	1	1
ENSG00000163155	Lung	1	1	1
ENSG00000163959	Lung	1	1	1
ENSG00000164654	Lung	1	1	0
ENSG00000173641	Lung	1	1	1
ENSG00000175334	Lung	1	1	1
ENSG00000181625	Lung	1	1	1
ENSG00000182400	Lung	1	1	1
ENSG00000197265	Lung	1	1	1
ENSG00000198673	Lung	1	1	1
ENSG00000066382	Lung	1	1	1
ENSG00000070423	Lung	1	0	0
ENSG00000106609	Lung	1	1	1
ENSG00000115486	Lung	1	1	1
ENSG00000115568	Lung	1	1	0
ENSG00000136636	Lung	1	1	0
ENSG00000143443	Lung	1	1	1
ENSG00000157191	Lung	1	1	1
ENSG00000160791	Lung	1	1	0
ENSG00000172270	Lung	1	1	1
ENSG00000196550	Lung	1	1	0
ENSG00000048740	Lung	1	1	1
ENSG00000114767	Lung	1	1	1
ENSG00000100379	Lung	1	0	0
ENSG00000129990	Lung	1	1	1
ENSG00000157873	Lung	1	1	0
ENSG00000174405	Lung	1	1	0
ENSG00000113389	Lung	1	1	1
ENSG00000173207	Lung	1	1	0
ENSG00000213066	Lung	1	1	0
ENSG00000137871	Lung	1	1	0
ENSG00000155282	Lung	1	1	1
ENSG00000268657	Lung	1	1	0
ENSG00000166507	Lung	1	1	1
ENSG00000007968	Lung	1	1	1
ENSG00000105675	Lung	1	1	1
ENSG00000168288	Lung	1	1	1
ENSG00000204345	Lung	1	1	0
ENSG00000268172	Lung	1	1	1
ENSG00000011105	Artery_Tibial	1	1	0
ENSG00000071246	Artery_Tibial	1	1	0
ENSG00000100285	Artery_Tibial	1	1	1
ENSG00000110786	Artery_Tibial	1	1	1
ENSG00000112419	Artery_Tibial	1	1	1
ENSG00000115275	Artery_Tibial	1	1	0
ENSG00000115523	Artery_Tibial	1	1	0
ENSG00000129946	Artery_Tibial	1	1	0
ENSG00000134202	Artery_Tibial	1	1	0
ENSG00000135211	Artery_Tibial	1	1	1
ENSG00000136731	Artery_Tibial	1	1	1
ENSG00000138246	Artery_Tibial	1	1	0
ENSG00000141577	Artery_Tibial	1	1	0
ENSG00000144711	Artery_Tibial	1	1	1
ENSG00000146833	Artery_Tibial	1	1	0
ENSG00000150054	Artery_Tibial	1	1	1
ENSG00000153048	Artery_Tibial	1	1	1
ENSG00000166923	Artery_Tibial	1	1	0
ENSG00000166974	Artery_Tibial	1	1	1
ENSG00000168268	Artery_Tibial	1	1	1
ENSG00000170509	Artery_Tibial	1	1	1
ENSG00000173715	Artery_Tibial	1	1	1
ENSG00000175879	Artery_Tibial	1	1	0
ENSG00000177103	Artery_Tibial	1	1	1
ENSG00000185187	Artery_Tibial	1	1	0
ENSG00000186184	Artery_Tibial	1	1	1
ENSG00000196867	Artery_Tibial	1	1	1
ENSG00000198189	Artery_Tibial	1	1	1
ENSG00000198740	Artery_Tibial	1	1	1
ENSG00000203705	Artery_Tibial	1	0	1
ENSG00000203760	Artery_Tibial	1	1	1
ENSG00000204814	Artery_Tibial	1	1	0
ENSG00000205531	Artery_Tibial	1	0	0
ENSG00000031823	Artery_Tibial	1	1	0
ENSG00000100983	Artery_Tibial	1	1	1
ENSG00000112902	Artery_Tibial	1	1	0
ENSG00000117533	Artery_Tibial	1	1	0
ENSG00000127124	Artery_Tibial	1	1	0
ENSG00000140807	Artery_Tibial	1	1	0
ENSG00000143418	Artery_Tibial	1	1	0
ENSG00000145782	Artery_Tibial	1	1	1
ENSG00000146540	Artery_Tibial	1	1	1
ENSG00000151151	Artery_Tibial	1	1	1
ENSG00000157335	Artery_Tibial	1	1	0
ENSG00000157870	Artery_Tibial	1	1	0
ENSG00000168917	Artery_Tibial	1	1	1
ENSG00000174837	Artery_Tibial	1	0	1
ENSG00000254470	Artery_Tibial	1	1	1
ENSG00000266208	Artery_Tibial	1	1	1
ENSG00000114315	Artery_Tibial	1	1	1
ENSG00000125149	Artery_Tibial	1	1	1
ENSG00000145965	Artery_Tibial	1	0	0
ENSG00000103335	Artery_Tibial	1	1	1
ENSG00000111181	Artery_Tibial	1	1	0
ENSG00000132170	Artery_Tibial	1	1	1
ENSG00000136238	Artery_Tibial	1	1	1
ENSG00000160396	Artery_Tibial	1	1	1
ENSG00000175911	Artery_Tibial	1	0	0
ENSG00000179262	Artery_Tibial	1	1	0
ENSG00000004059	Artery_Tibial	1	1	0
ENSG00000110536	Artery_Tibial	1	1	1
ENSG00000133316	Artery_Tibial	1	0	0
ENSG00000148925	Artery_Tibial	1	1	1
ENSG00000172264	Artery_Tibial	1	1	1
ENSG00000180210	Artery_Tibial	1	1	1
ENSG00000004142	Muscle_Skeletal	1	1	1
ENSG00000049883	Muscle_Skeletal	1	1	1
ENSG00000078699	Muscle_Skeletal	1	1	1
ENSG00000100605	Muscle_Skeletal	1	1	0
ENSG00000101493	Muscle_Skeletal	1	1	0
ENSG00000101542	Muscle_Skeletal	1	1	0
ENSG00000102908	Muscle_Skeletal	1	1	1
ENSG00000132382	Muscle_Skeletal	1	1	0
ENSG00000134824	Muscle_Skeletal	1	1	1
ENSG00000138111	Muscle_Skeletal	1	1	1
ENSG00000139971	Muscle_Skeletal	1	1	0
ENSG00000144645	Muscle_Skeletal	1	1	0
ENSG00000146833	Muscle_Skeletal	1	1	1
ENSG00000158286	Muscle_Skeletal	1	0	0
ENSG00000158714	Muscle_Skeletal	1	1	0
ENSG00000159871	Muscle_Skeletal	1	1	1
ENSG00000166170	Muscle_Skeletal	1	1	1
ENSG00000167363	Muscle_Skeletal	1	1	1
ENSG00000170632	Muscle_Skeletal	1	1	1
ENSG00000172262	Muscle_Skeletal	1	1	1
ENSG00000181031	Muscle_Skeletal	1	1	1
ENSG00000183549	Muscle_Skeletal	1	1	1
ENSG00000184787	Muscle_Skeletal	1	1	0
ENSG00000188959	Muscle_Skeletal	1	1	1
ENSG00000218739	Muscle_Skeletal	1	1	1
ENSG00000085998	Muscle_Skeletal	1	1	1
ENSG00000130764	Muscle_Skeletal	1	1	0
ENSG00000145741	Muscle_Skeletal	1	1	0
ENSG00000154447	Muscle_Skeletal	1	1	1
ENSG00000162702	Muscle_Skeletal	1	1	1
ENSG00000198113	Muscle_Skeletal	1	1	1
ENSG00000053747	Muscle_Skeletal	1	1	0
ENSG00000164675	Muscle_Skeletal	1	1	1
ENSG00000173621	Muscle_Skeletal	1	1	1
ENSG00000120708	Muscle_Skeletal	1	0	0
ENSG00000215018	Muscle_Skeletal	1	1	0
ENSG00000100567	Muscle_Skeletal	1	1	1
ENSG00000248458	Muscle_Skeletal	1	1	1
ENSG00000120162	Muscle_Skeletal	1	1	1
ENSG00000177058	Muscle_Skeletal	1	1	0
ENSG00000068724	Muscle_Skeletal	1	1	1
ENSG00000111266	Muscle_Skeletal	1	1	1
ENSG00000155893	Muscle_Skeletal	1	1	0
ENSG00000224420	Muscle_Skeletal	1	1	0
ENSG00000267060	Muscle_Skeletal	1	1	1
ENSG00000107872	Muscle_Skeletal	1	1	1
ENSG00000082512	Muscle_Skeletal	1	1	1
ENSG00000108825	Muscle_Skeletal	1	1	1
ENSG00000205238	Muscle_Skeletal	1	1	0
ENSG00000064687	Brain_Caudate_basal_ganglia	1	0	0
ENSG00000089177	Brain_Caudate_basal_ganglia	1	1	0
ENSG00000090372	Brain_Caudate_basal_ganglia	1	1	1
ENSG00000119865	Brain_Caudate_basal_ganglia	1	1	1
ENSG00000138696	Brain_Caudate_basal_ganglia	1	1	1
ENSG00000151812	Brain_Caudate_basal_ganglia	1	1	0
ENSG00000162526	Brain_Caudate_basal_ganglia	1	1	0
ENSG00000164823	Brain_Caudate_basal_ganglia	1	1	1
ENSG00000175334	Brain_Caudate_basal_ganglia	1	1	1
ENSG00000204231	Brain_Caudate_basal_ganglia	1	1	1
ENSG00000253719	Brain_Caudate_basal_ganglia	1	1	0
ENSG00000070018	Brain_Caudate_basal_ganglia	1	1	0
ENSG00000085117	Brain_Caudate_basal_ganglia	1	1	1
ENSG00000116525	Brain_Caudate_basal_ganglia	1	1	0
ENSG00000131187	Brain_Caudate_basal_ganglia	1	1	1
ENSG00000156970	Brain_Caudate_basal_ganglia	1	1	0
ENSG00000160345	Brain_Caudate_basal_ganglia	1	1	1
ENSG00000175029	Brain_Caudate_basal_ganglia	1	1	0
ENSG00000184350	Brain_Caudate_basal_ganglia	1	1	1
ENSG00000126561	Brain_Caudate_basal_ganglia	1	1	1
ENSG00000127993	Brain_Caudate_basal_ganglia	1	1	0
ENSG00000164484	Brain_Caudate_basal_ganglia	1	1	1
ENSG00000156273	Brain_Caudate_basal_ganglia	1	1	0
ENSG00000228474	Brain_Caudate_basal_ganglia	1	1	1
ENSG00000164318	Brain_Caudate_basal_ganglia	1	1	1
ENSG00000162747	Brain_Caudate_basal_ganglia	1	1	0
ENSG00000163563	Brain_Caudate_basal_ganglia	1	1	0
ENSG00000108551	Brain_Caudate_basal_ganglia	1	0	1
ENSG00000153933	Brain_Caudate_basal_ganglia	1	1	1
ENSG00000004700	Nerve_Tibial	1	1	0
ENSG00000090581	Nerve_Tibial	1	0	1
ENSG00000100867	Nerve_Tibial	1	1	0
ENSG00000103248	Nerve_Tibial	1	1	0
ENSG00000114554	Nerve_Tibial	1	0	0
ENSG00000125734	Nerve_Tibial	1	1	1
ENSG00000130177	Nerve_Tibial	1	1	0
ENSG00000135272	Nerve_Tibial	1	1	1
ENSG00000135362	Nerve_Tibial	1	1	1
ENSG00000137216	Nerve_Tibial	1	1	0
ENSG00000137266	Nerve_Tibial	1	1	0
ENSG00000140416	Nerve_Tibial	1	1	0
ENSG00000150593	Nerve_Tibial	1	1	1
ENSG00000152234	Nerve_Tibial	1	1	0
ENSG00000152520	Nerve_Tibial	1	0	0
ENSG00000156411	Nerve_Tibial	1	1	1
ENSG00000157833	Nerve_Tibial	1	1	1
ENSG00000158457	Nerve_Tibial	1	1	1
ENSG00000160323	Nerve_Tibial	1	1	0
ENSG00000160602	Nerve_Tibial	1	1	1
ENSG00000163618	Nerve_Tibial	1	0	0
ENSG00000163882	Nerve_Tibial	1	1	0
ENSG00000165474	Nerve_Tibial	1	1	0
ENSG00000165555	Nerve_Tibial	1	1	1
ENSG00000166452	Nerve_Tibial	1	1	0
ENSG00000166508	Nerve_Tibial	1	1	1
ENSG00000167553	Nerve_Tibial	1	1	0
ENSG00000168724	Nerve_Tibial	1	1	0
ENSG00000173253	Nerve_Tibial	1	1	0
ENSG00000174705	Nerve_Tibial	1	1	0
ENSG00000175182	Nerve_Tibial	1	1	0
ENSG00000176783	Nerve_Tibial	1	1	1
ENSG00000181625	Nerve_Tibial	1	1	1
ENSG00000183657	Nerve_Tibial	1	0	1
ENSG00000186204	Nerve_Tibial	1	1	1
ENSG00000197859	Nerve_Tibial	1	1	1
ENSG00000198189	Nerve_Tibial	1	1	0
ENSG00000204604	Nerve_Tibial	1	1	0
ENSG00000212864	Nerve_Tibial	1	1	1
ENSG00000214597	Nerve_Tibial	1	1	0
ENSG00000244045	Nerve_Tibial	1	1	1
ENSG00000014138	Nerve_Tibial	1	1	0
ENSG00000124659	Nerve_Tibial	1	1	1
ENSG00000134262	Nerve_Tibial	1	1	1
ENSG00000137171	Nerve_Tibial	1	1	0
ENSG00000154639	Nerve_Tibial	1	1	0
ENSG00000157870	Nerve_Tibial	1	1	0
ENSG00000163798	Nerve_Tibial	1	1	1
ENSG00000166411	Nerve_Tibial	1	1	1
ENSG00000176953	Nerve_Tibial	1	1	1
ENSG00000180346	Nerve_Tibial	1	1	1
ENSG00000205177	Nerve_Tibial	1	1	0
ENSG00000218416	Nerve_Tibial	1	1	0
ENSG00000253251	Nerve_Tibial	1	1	0
ENSG00000256229	Nerve_Tibial	1	1	1
ENSG00000124215	Nerve_Tibial	1	1	0
ENSG00000133193	Nerve_Tibial	1	1	1
ENSG00000155066	Nerve_Tibial	1	1	1
ENSG00000162972	Nerve_Tibial	1	1	1
ENSG00000139826	Nerve_Tibial	1	1	1
ENSG00000143450	Nerve_Tibial	1	1	1
ENSG00000156642	Nerve_Tibial	1	1	1
ENSG00000171877	Nerve_Tibial	1	1	1
ENSG00000251209	Nerve_Tibial	1	1	0
ENSG00000170262	Nerve_Tibial	1	1	0
ENSG00000219438	Nerve_Tibial	1	1	0
ENSG00000104325	Nerve_Tibial	1	1	0
ENSG00000188827	Nerve_Tibial	1	1	1
ENSG00000215271	Nerve_Tibial	1	1	1
ENSG00000269302	Nerve_Tibial	1	1	1
ENSG00000101222	Nerve_Tibial	1	1	1
ENSG00000130706	Nerve_Tibial	1	1	0
ENSG00000171163	Nerve_Tibial	1	1	1
ENSG00000171813	Nerve_Tibial	1	1	0
ENSG00000172748	Nerve_Tibial	1	0	0
ENSG00000156958	Nerve_Tibial	1	1	1
ENSG00000225614	Nerve_Tibial	1	0	0
ENSG00000135426	Nerve_Tibial	1	1	1
ENSG00000143870	Nerve_Tibial	1	1	1
ENSG00000105568	Nerve_Tibial	1	0	0
ENSG00000186326	Nerve_Tibial	1	1	1
ENSG00000169714	Nerve_Tibial	1	1	1
ENSG00000133640	Nerve_Tibial	1	1	1
ENSG00000140932	Nerve_Tibial	1	1	1
ENSG00000153165	Nerve_Tibial	1	1	0
ENSG00000153993	Nerve_Tibial	1	1	1
ENSG00000184486	Nerve_Tibial	1	1	1
ENSG00000090659	Brain_Cerebellar_Hemisphere	1	1	1
ENSG00000101298	Brain_Cerebellar_Hemisphere	1	1	1
ENSG00000109472	Brain_Cerebellar_Hemisphere	1	1	0
ENSG00000118507	Brain_Cerebellar_Hemisphere	1	1	0
ENSG00000137601	Brain_Cerebellar_Hemisphere	1	1	1
ENSG00000168958	Brain_Cerebellar_Hemisphere	1	1	0
ENSG00000174080	Brain_Cerebellar_Hemisphere	1	1	0
ENSG00000177225	Brain_Cerebellar_Hemisphere	1	1	1
ENSG00000181625	Brain_Cerebellar_Hemisphere	1	1	1
ENSG00000187595	Brain_Cerebellar_Hemisphere	1	1	1
ENSG00000104368	Brain_Cerebellar_Hemisphere	1	1	1
ENSG00000169752	Brain_Cerebellar_Hemisphere	1	1	1
ENSG00000107281	Brain_Cerebellar_Hemisphere	1	1	1
ENSG00000138756	Brain_Cerebellar_Hemisphere	1	1	0
ENSG00000141696	Brain_Cerebellar_Hemisphere	1	1	1
ENSG00000185527	Brain_Cerebellar_Hemisphere	1	1	0
ENSG00000139679	Brain_Cerebellar_Hemisphere	1	1	1
ENSG00000167977	Brain_Cerebellar_Hemisphere	1	1	1
ENSG00000125484	Brain_Cerebellar_Hemisphere	1	1	0
ENSG00000151067	Brain_Cerebellar_Hemisphere	1	1	0
ENSG00000149806	Brain_Cerebellar_Hemisphere	1	1	1
ENSG00000173230	Brain_Cerebellar_Hemisphere	1	1	1
ENSG00000102984	Brain_Cerebellar_Hemisphere	1	1	0
ENSG00000184774	Brain_Cerebellar_Hemisphere	1	1	1
ENSG00000042445	Ovary	1	1	0
ENSG00000065328	Ovary	1	1	1
ENSG00000090487	Ovary	1	1	1
ENSG00000127561	Ovary	1	1	0
ENSG00000137700	Ovary	1	1	0
ENSG00000149541	Ovary	1	1	1
ENSG00000164934	Ovary	1	1	0
ENSG00000188549	Ovary	1	1	0
ENSG00000197599	Ovary	1	1	0
ENSG00000205549	Ovary	1	1	0
ENSG00000241839	Ovary	1	1	1
ENSG00000109270	Ovary	1	1	0
ENSG00000144395	Ovary	1	1	1
ENSG00000156017	Ovary	1	1	1
ENSG00000213380	Ovary	1	1	1
ENSG00000131069	Ovary	1	1	1
ENSG00000166959	Ovary	1	1	1
ENSG00000183763	Ovary	1	1	1
ENSG00000181284	Ovary	1	1	1
ENSG00000111726	Ovary	1	1	0
ENSG00000127152	Ovary	1	1	1
ENSG00000007541	Brain_Cerebellum	1	1	0
ENSG00000091656	Brain_Cerebellum	1	1	1
ENSG00000103199	Brain_Cerebellum	1	0	1
ENSG00000105447	Brain_Cerebellum	1	1	1
ENSG00000114547	Brain_Cerebellum	1	0	1
ENSG00000125304	Brain_Cerebellum	1	1	0
ENSG00000131446	Brain_Cerebellum	1	1	0
ENSG00000133243	Brain_Cerebellum	1	0	1
ENSG00000141759	Brain_Cerebellum	1	1	1
ENSG00000142166	Brain_Cerebellum	1	1	1
ENSG00000151725	Brain_Cerebellum	1	0	0
ENSG00000175463	Brain_Cerebellum	1	1	1
ENSG00000181031	Brain_Cerebellum	1	1	1
ENSG00000184923	Brain_Cerebellum	1	1	0
ENSG00000184990	Brain_Cerebellum	1	1	1
ENSG00000186231	Brain_Cerebellum	1	0	0
ENSG00000214946	Brain_Cerebellum	1	1	1
ENSG00000256515	Brain_Cerebellum	1	1	1
ENSG00000272636	Brain_Cerebellum	1	0	0
ENSG00000033627	Brain_Cerebellum	1	1	1
ENSG00000051596	Brain_Cerebellum	1	1	0
ENSG00000091651	Brain_Cerebellum	1	1	1
ENSG00000100968	Brain_Cerebellum	1	1	1
ENSG00000104529	Brain_Cerebellum	1	1	1
ENSG00000115204	Brain_Cerebellum	1	1	1
ENSG00000145349	Brain_Cerebellum	1	1	1
ENSG00000154265	Brain_Cerebellum	1	1	1
ENSG00000010379	Brain_Cerebellum	1	1	0
ENSG00000165516	Brain_Cerebellum	1	1	0
ENSG00000198342	Brain_Cerebellum	1	1	1
ENSG00000086189	Brain_Cerebellum	1	1	1
ENSG00000143195	Brain_Cerebellum	1	1	0
ENSG00000157500	Brain_Cerebellum	1	1	1
ENSG00000164329	Brain_Cerebellum	1	1	1
ENSG00000223802	Brain_Cerebellum	1	1	0
ENSG00000140519	Brain_Cerebellum	1	1	1
ENSG00000166886	Brain_Cerebellum	1	1	1
ENSG00000186198	Brain_Cerebellum	1	1	1
ENSG00000188771	Brain_Cerebellum	1	1	1
ENSG00000185863	Brain_Cerebellum	1	1	0
ENSG00000007312	Pancreas	1	1	1
ENSG00000039650	Pancreas	1	1	1
ENSG00000053702	Pancreas	1	0	0
ENSG00000078814	Pancreas	1	1	1
ENSG00000087191	Pancreas	1	1	1
ENSG00000093010	Pancreas	1	0	0
ENSG00000101246	Pancreas	1	1	0
ENSG00000107404	Pancreas	1	0	0
ENSG00000109576	Pancreas	1	1	0
ENSG00000130768	Pancreas	1	1	1
ENSG00000149295	Pancreas	1	1	1
ENSG00000152926	Pancreas	1	1	1
ENSG00000158286	Pancreas	1	1	0
ENSG00000164022	Pancreas	1	1	0
ENSG00000167920	Pancreas	1	1	0
ENSG00000171928	Pancreas	1	1	1
ENSG00000172613	Pancreas	1	1	0
ENSG00000177465	Pancreas	1	1	1
ENSG00000177888	Pancreas	1	1	1
ENSG00000178149	Pancreas	1	1	1
ENSG00000184227	Pancreas	1	1	0
ENSG00000233024	Pancreas	1	1	1
ENSG00000255837	Pancreas	1	1	0
ENSG00000128567	Pancreas	1	1	1
ENSG00000143536	Pancreas	1	1	1
ENSG00000148803	Pancreas	1	0	0
ENSG00000197283	Pancreas	1	1	1
ENSG00000169288	Pancreas	1	0	0
ENSG00000152556	Pancreas	1	1	0
ENSG00000065833	Pancreas	1	1	1
ENSG00000099849	Pancreas	1	1	1
ENSG00000163207	Pancreas	1	1	1
ENSG00000165283	Pancreas	1	1	1
ENSG00000150401	Pancreas	1	1	0
ENSG00000170088	Pancreas	1	1	0
ENSG00000198355	Pancreas	1	1	1
ENSG00000115762	Pancreas	1	1	1
ENSG00000120278	Pancreas	1	1	0
ENSG00000204022	Pancreas	1	1	0
ENSG00000063660	Brain_Cortex	1	1	0
ENSG00000064655	Brain_Cortex	1	1	0
ENSG00000108468	Brain_Cortex	1	1	1
ENSG00000120324	Brain_Cortex	1	0	0
ENSG00000137216	Brain_Cortex	1	1	0
ENSG00000162365	Brain_Cortex	1	1	1
ENSG00000174684	Brain_Cortex	1	1	0
ENSG00000182134	Brain_Cortex	1	1	1
ENSG00000185730	Brain_Cortex	1	1	0
ENSG00000196284	Brain_Cortex	1	1	0
ENSG00000205670	Brain_Cortex	1	1	0
ENSG00000218739	Brain_Cortex	1	1	1
ENSG00000115756	Brain_Cortex	1	1	0
ENSG00000130649	Brain_Cortex	1	0	0
ENSG00000185519	Brain_Cortex	1	1	0
ENSG00000100664	Brain_Cortex	1	1	1
ENSG00000103404	Brain_Cortex	1	0	0
ENSG00000106665	Brain_Cortex	1	1	1
ENSG00000122970	Brain_Cortex	1	1	1
ENSG00000163541	Brain_Cortex	1	1	1
ENSG00000136840	Brain_Cortex	1	1	0
ENSG00000148200	Brain_Cortex	1	1	0
ENSG00000100362	Brain_Cortex	1	1	1
ENSG00000092036	Pituitary	1	1	0
ENSG00000111879	Pituitary	1	1	0
ENSG00000129595	Pituitary	1	1	0
ENSG00000132406	Pituitary	1	1	1
ENSG00000171824	Pituitary	1	1	0
ENSG00000177628	Pituitary	1	1	1
ENSG00000078902	Pituitary	1	1	0
ENSG00000177191	Pituitary	1	1	1
ENSG00000185559	Pituitary	1	1	1
ENSG00000179950	Pituitary	1	0	0
ENSG00000117472	Pituitary	1	1	1
ENSG00000162522	Pituitary	1	1	1
ENSG00000139266	Pituitary	1	1	1
ENSG00000130590	Pituitary	1	1	1
ENSG00000166266	Pituitary	1	1	1
ENSG00000153767	Pituitary	1	1	1
ENSG00000196787	Pituitary	1	1	0
ENSG00000139546	Pituitary	1	1	0
ENSG00000008516	Brain_Frontal_Cortex_BA9	1	0	0
ENSG00000039650	Brain_Frontal_Cortex_BA9	1	1	1
ENSG00000109919	Brain_Frontal_Cortex_BA9	1	1	1
ENSG00000122033	Brain_Frontal_Cortex_BA9	1	1	0
ENSG00000136197	Brain_Frontal_Cortex_BA9	1	1	1
ENSG00000137561	Brain_Frontal_Cortex_BA9	1	1	0
ENSG00000173156	Brain_Frontal_Cortex_BA9	1	1	1
ENSG00000178623	Brain_Frontal_Cortex_BA9	1	1	0
ENSG00000188730	Brain_Frontal_Cortex_BA9	1	1	1
ENSG00000197497	Brain_Frontal_Cortex_BA9	1	1	1
ENSG00000212127	Brain_Frontal_Cortex_BA9	1	1	1
ENSG00000213930	Brain_Frontal_Cortex_BA9	1	0	0
ENSG00000214872	Brain_Frontal_Cortex_BA9	1	1	0
ENSG00000028310	Brain_Frontal_Cortex_BA9	1	1	0
ENSG00000173418	Brain_Frontal_Cortex_BA9	1	1	1
ENSG00000197142	Brain_Frontal_Cortex_BA9	1	1	0
ENSG00000188375	Brain_Frontal_Cortex_BA9	1	1	1
ENSG00000152670	Brain_Frontal_Cortex_BA9	1	1	1
ENSG00000167768	Brain_Frontal_Cortex_BA9	1	1	0
ENSG00000104973	Prostate	1	1	0
ENSG00000124098	Prostate	1	0	0
ENSG00000159164	Prostate	1	1	0
ENSG00000165699	Prostate	1	1	0
ENSG00000168016	Prostate	1	1	1
ENSG00000173327	Prostate	1	1	1
ENSG00000179023	Prostate	1	1	0
ENSG00000184840	Prostate	1	1	0
ENSG00000186235	Prostate	1	0	1
ENSG00000186523	Prostate	1	1	0
ENSG00000189350	Prostate	1	1	0
ENSG00000218537	Prostate	1	0	0
ENSG00000253873	Prostate	1	1	1
ENSG00000125869	Prostate	1	0	0
ENSG00000131462	Prostate	1	1	1
ENSG00000151532	Prostate	1	1	1
ENSG00000168389	Prostate	1	1	1
ENSG00000177426	Prostate	1	1	0
ENSG00000183150	Prostate	1	1	1
ENSG00000254093	Prostate	1	1	1
ENSG00000137073	Prostate	1	1	1
ENSG00000100246	Prostate	1	1	1
ENSG00000171222	Prostate	1	1	1
ENSG00000159596	Prostate	1	1	1
ENSG00000101266	Prostate	1	0	0
ENSG00000108551	Prostate	1	1	1
ENSG00000114737	Prostate	1	1	1
ENSG00000013561	Brain_Hippocampus	1	0	0
ENSG00000112031	Brain_Hippocampus	1	0	0
ENSG00000152926	Brain_Hippocampus	1	1	1
ENSG00000166452	Brain_Hippocampus	1	1	1
ENSG00000169047	Brain_Hippocampus	1	1	0
ENSG00000170727	Brain_Hippocampus	1	1	1
ENSG00000172716	Brain_Hippocampus	1	1	1
ENSG00000189157	Brain_Hippocampus	1	1	1
ENSG00000215527	Brain_Hippocampus	1	1	1
ENSG00000089356	Brain_Hippocampus	1	1	1
ENSG00000137462	Brain_Hippocampus	1	1	0
ENSG00000181619	Brain_Hippocampus	1	1	1
ENSG00000130487	Brain_Hippocampus	1	1	0
ENSG00000133275	Brain_Hippocampus	1	1	0
ENSG00000112232	Brain_Hippocampus	1	1	0
ENSG00000117318	Brain_Hippocampus	1	1	1
ENSG00000120925	Brain_Hippocampus	1	1	1
ENSG00000162814	Brain_Hippocampus	1	0	0
ENSG00000187479	Brain_Hippocampus	1	1	0
ENSG00000088682	Brain_Hippocampus	1	1	1
ENSG00000108094	Brain_Hippocampus	1	1	1
ENSG00000044115	Skin_Not_Sun_Exposed_Suprapubic	1	1	0
ENSG00000100239	Skin_Not_Sun_Exposed_Suprapubic	1	1	0
ENSG00000101191	Skin_Not_Sun_Exposed_Suprapubic	1	1	0
ENSG00000103248	Skin_Not_Sun_Exposed_Suprapubic	1	1	0
ENSG00000109445	Skin_Not_Sun_Exposed_Suprapubic	1	1	1
ENSG00000119227	Skin_Not_Sun_Exposed_Suprapubic	1	1	1
ENSG00000124019	Skin_Not_Sun_Exposed_Suprapubic	1	1	0
ENSG00000124641	Skin_Not_Sun_Exposed_Suprapubic	1	1	1
ENSG00000129071	Skin_Not_Sun_Exposed_Suprapubic	1	1	1
ENSG00000129347	Skin_Not_Sun_Exposed_Suprapubic	1	1	1
ENSG00000135972	Skin_Not_Sun_Exposed_Suprapubic	1	1	1
ENSG00000137038	Skin_Not_Sun_Exposed_Suprapubic	1	0	0
ENSG00000138614	Skin_Not_Sun_Exposed_Suprapubic	1	1	0
ENSG00000144488	Skin_Not_Sun_Exposed_Suprapubic	1	1	0
ENSG00000145949	Skin_Not_Sun_Exposed_Suprapubic	1	1	1
ENSG00000161653	Skin_Not_Sun_Exposed_Suprapubic	1	1	1
ENSG00000164406	Skin_Not_Sun_Exposed_Suprapubic	1	1	0
ENSG00000169550	Skin_Not_Sun_Exposed_Suprapubic	1	1	1
ENSG00000173566	Skin_Not_Sun_Exposed_Suprapubic	1	0	0
ENSG00000186567	Skin_Not_Sun_Exposed_Suprapubic	1	1	0
ENSG00000188130	Skin_Not_Sun_Exposed_Suprapubic	1	1	0
ENSG00000215845	Skin_Not_Sun_Exposed_Suprapubic	1	1	1
ENSG00000219545	Skin_Not_Sun_Exposed_Suprapubic	1	1	0
ENSG00000222033	Skin_Not_Sun_Exposed_Suprapubic	1	1	0
ENSG00000261115	Skin_Not_Sun_Exposed_Suprapubic	1	1	1
ENSG00000011114	Skin_Not_Sun_Exposed_Suprapubic	1	1	1
ENSG00000129009	Skin_Not_Sun_Exposed_Suprapubic	1	1	0
ENSG00000131470	Skin_Not_Sun_Exposed_Suprapubic	1	1	1
ENSG00000160113	Skin_Not_Sun_Exposed_Suprapubic	1	1	1
ENSG00000185418	Skin_Not_Sun_Exposed_Suprapubic	1	1	1
ENSG00000186648	Skin_Not_Sun_Exposed_Suprapubic	1	1	1
ENSG00000162407	Skin_Not_Sun_Exposed_Suprapubic	1	1	0
ENSG00000204659	Skin_Not_Sun_Exposed_Suprapubic	1	0	0
ENSG00000134817	Skin_Not_Sun_Exposed_Suprapubic	1	1	0
ENSG00000137672	Skin_Not_Sun_Exposed_Suprapubic	1	0	0
ENSG00000204482	Skin_Not_Sun_Exposed_Suprapubic	1	0	1
ENSG00000239474	Skin_Not_Sun_Exposed_Suprapubic	1	1	1
ENSG00000096384	Skin_Not_Sun_Exposed_Suprapubic	1	1	1
ENSG00000099622	Skin_Not_Sun_Exposed_Suprapubic	1	1	1
ENSG00000115738	Skin_Not_Sun_Exposed_Suprapubic	1	0	0
ENSG00000150779	Skin_Not_Sun_Exposed_Suprapubic	1	1	1
ENSG00000103502	Skin_Not_Sun_Exposed_Suprapubic	1	1	1
ENSG00000036448	Brain_Hypothalamus	1	1	0
ENSG00000105750	Brain_Hypothalamus	1	1	1
ENSG00000110492	Brain_Hypothalamus	1	0	0
ENSG00000135870	Brain_Hypothalamus	1	1	1
ENSG00000139428	Brain_Hypothalamus	1	0	0
ENSG00000164080	Brain_Hypothalamus	1	1	1
ENSG00000172469	Brain_Hypothalamus	1	1	1
ENSG00000188986	Brain_Hypothalamus	1	1	0
ENSG00000169758	Brain_Hypothalamus	1	1	1
ENSG00000172888	Brain_Hypothalamus	1	1	0
ENSG00000178531	Brain_Hypothalamus	1	1	1
ENSG00000083857	Brain_Hypothalamus	1	1	1
ENSG00000101200	Brain_Hypothalamus	1	1	1
ENSG00000228474	Brain_Hypothalamus	1	1	1
ENSG00000164690	Brain_Hypothalamus	1	0	0
ENSG00000233280	Brain_Hypothalamus	1	1	1
ENSG00000132872	Brain_Hypothalamus	1	1	1
ENSG00000023191	Skin_Sun_Exposed_Lower_leg	1	1	0
ENSG00000038002	Skin_Sun_Exposed_Lower_leg	1	1	1
ENSG00000074964	Skin_Sun_Exposed_Lower_leg	1	1	0
ENSG00000103249	Skin_Sun_Exposed_Lower_leg	1	1	0
ENSG00000111530	Skin_Sun_Exposed_Lower_leg	1	1	0
ENSG00000121775	Skin_Sun_Exposed_Lower_leg	1	1	1
ENSG00000123992	Skin_Sun_Exposed_Lower_leg	1	1	1
ENSG00000132155	Skin_Sun_Exposed_Lower_leg	1	1	0
ENSG00000142208	Skin_Sun_Exposed_Lower_leg	1	1	1
ENSG00000153113	Skin_Sun_Exposed_Lower_leg	1	1	0
ENSG00000162365	Skin_Sun_Exposed_Lower_leg	1	1	1
ENSG00000163803	Skin_Sun_Exposed_Lower_leg	1	1	0
ENSG00000163866	Skin_Sun_Exposed_Lower_leg	1	1	1
ENSG00000165060	Skin_Sun_Exposed_Lower_leg	1	0	1
ENSG00000165568	Skin_Sun_Exposed_Lower_leg	1	1	0
ENSG00000165731	Skin_Sun_Exposed_Lower_leg	1	1	0
ENSG00000165752	Skin_Sun_Exposed_Lower_leg	1	1	0
ENSG00000167186	Skin_Sun_Exposed_Lower_leg	1	1	1
ENSG00000167785	Skin_Sun_Exposed_Lower_leg	1	0	1
ENSG00000168672	Skin_Sun_Exposed_Lower_leg	1	1	0
ENSG00000172775	Skin_Sun_Exposed_Lower_leg	1	1	1
ENSG00000174529	Skin_Sun_Exposed_Lower_leg	1	1	0
ENSG00000180891	Skin_Sun_Exposed_Lower_leg	1	1	0
ENSG00000198171	Skin_Sun_Exposed_Lower_leg	1	0	0
ENSG00000214900	Skin_Sun_Exposed_Lower_leg	1	1	1
ENSG00000215428	Skin_Sun_Exposed_Lower_leg	1	1	0
ENSG00000060749	Skin_Sun_Exposed_Lower_leg	1	1	0
ENSG00000079387	Skin_Sun_Exposed_Lower_leg	1	1	0
ENSG00000100311	Skin_Sun_Exposed_Lower_leg	1	1	0
ENSG00000124251	Skin_Sun_Exposed_Lower_leg	1	1	1
ENSG00000130762	Skin_Sun_Exposed_Lower_leg	1	1	0
ENSG00000140650	Skin_Sun_Exposed_Lower_leg	1	0	0
ENSG00000141503	Skin_Sun_Exposed_Lower_leg	1	1	0
ENSG00000143164	Skin_Sun_Exposed_Lower_leg	1	1	0
ENSG00000143669	Skin_Sun_Exposed_Lower_leg	1	1	0
ENSG00000144681	Skin_Sun_Exposed_Lower_leg	1	1	1
ENSG00000151575	Skin_Sun_Exposed_Lower_leg	1	1	1
ENSG00000158234	Skin_Sun_Exposed_Lower_leg	1	1	1
ENSG00000162576	Skin_Sun_Exposed_Lower_leg	1	0	0
ENSG00000163956	Skin_Sun_Exposed_Lower_leg	1	1	0
ENSG00000164946	Skin_Sun_Exposed_Lower_leg	1	1	1
ENSG00000165966	Skin_Sun_Exposed_Lower_leg	1	0	0
ENSG00000171467	Skin_Sun_Exposed_Lower_leg	1	1	0
ENSG00000178719	Skin_Sun_Exposed_Lower_leg	1	1	1
ENSG00000181016	Skin_Sun_Exposed_Lower_leg	1	0	0
ENSG00000185519	Skin_Sun_Exposed_Lower_leg	1	1	1
ENSG00000117791	Skin_Sun_Exposed_Lower_leg	1	1	0
ENSG00000158470	Skin_Sun_Exposed_Lower_leg	1	1	0
ENSG00000107819	Skin_Sun_Exposed_Lower_leg	1	1	1
ENSG00000111602	Skin_Sun_Exposed_Lower_leg	1	1	1
ENSG00000122958	Skin_Sun_Exposed_Lower_leg	1	1	1
ENSG00000148300	Skin_Sun_Exposed_Lower_leg	1	1	1
ENSG00000148357	Skin_Sun_Exposed_Lower_leg	1	1	0
ENSG00000169436	Skin_Sun_Exposed_Lower_leg	1	1	0
ENSG00000175911	Skin_Sun_Exposed_Lower_leg	1	1	0
ENSG00000253159	Skin_Sun_Exposed_Lower_leg	1	1	1
ENSG00000166289	Skin_Sun_Exposed_Lower_leg	1	1	0
ENSG00000215018	Skin_Sun_Exposed_Lower_leg	1	1	1
ENSG00000235169	Skin_Sun_Exposed_Lower_leg	1	0	0
ENSG00000269165	Skin_Sun_Exposed_Lower_leg	1	1	1
ENSG00000168004	Skin_Sun_Exposed_Lower_leg	1	1	0
ENSG00000146221	Skin_Sun_Exposed_Lower_leg	1	1	0
ENSG00000165533	Skin_Sun_Exposed_Lower_leg	1	1	1
ENSG00000198454	Skin_Sun_Exposed_Lower_leg	1	1	0
ENSG00000152977	Skin_Sun_Exposed_Lower_leg	1	1	1
ENSG00000162104	Skin_Sun_Exposed_Lower_leg	1	1	0
ENSG00000172053	Skin_Sun_Exposed_Lower_leg	1	1	1
ENSG00000090932	Skin_Sun_Exposed_Lower_leg	1	1	1
ENSG00000066136	Brain_Nucleus_accumbens_basal_ganglia	1	1	1
ENSG00000086205	Brain_Nucleus_accumbens_basal_ganglia	1	1	1
ENSG00000090487	Brain_Nucleus_accumbens_basal_ganglia	1	1	1
ENSG00000103111	Brain_Nucleus_accumbens_basal_ganglia	1	1	0
ENSG00000111325	Brain_Nucleus_accumbens_basal_ganglia	1	1	1
ENSG00000127903	Brain_Nucleus_accumbens_basal_ganglia	1	1	1
ENSG00000128463	Brain_Nucleus_accumbens_basal_ganglia	1	1	1
ENSG00000141150	Brain_Nucleus_accumbens_basal_ganglia	1	1	0
ENSG00000143515	Brain_Nucleus_accumbens_basal_ganglia	1	0	1
ENSG00000172456	Brain_Nucleus_accumbens_basal_ganglia	1	1	0
ENSG00000173805	Brain_Nucleus_accumbens_basal_ganglia	1	1	1
ENSG00000023734	Brain_Nucleus_accumbens_basal_ganglia	1	1	1
ENSG00000115598	Brain_Nucleus_accumbens_basal_ganglia	1	1	1
ENSG00000140284	Brain_Nucleus_accumbens_basal_ganglia	1	1	1
ENSG00000141510	Brain_Nucleus_accumbens_basal_ganglia	1	1	0
ENSG00000143036	Brain_Nucleus_accumbens_basal_ganglia	1	1	1
ENSG00000127804	Brain_Nucleus_accumbens_basal_ganglia	1	1	0
ENSG00000258986	Brain_Nucleus_accumbens_basal_ganglia	1	1	1
ENSG00000023191	Small_Intestine_Terminal_Ileum	1	1	0
ENSG00000111880	Small_Intestine_Terminal_Ileum	1	1	0
ENSG00000124508	Small_Intestine_Terminal_Ileum	1	1	1
ENSG00000130748	Small_Intestine_Terminal_Ileum	1	1	1
ENSG00000135747	Small_Intestine_Terminal_Ileum	1	1	1
ENSG00000138767	Small_Intestine_Terminal_Ileum	1	1	1
ENSG00000205106	Small_Intestine_Terminal_Ileum	1	0	0
ENSG00000004975	Small_Intestine_Terminal_Ileum	1	1	1
ENSG00000124839	Small_Intestine_Terminal_Ileum	1	0	0
ENSG00000138802	Small_Intestine_Terminal_Ileum	1	0	0
ENSG00000146021	Small_Intestine_Terminal_Ileum	1	1	0
ENSG00000148153	Small_Intestine_Terminal_Ileum	1	0	0
ENSG00000151023	Small_Intestine_Terminal_Ileum	1	1	1
ENSG00000168434	Small_Intestine_Terminal_Ileum	1	1	1
ENSG00000132958	Small_Intestine_Terminal_Ileum	1	1	0
ENSG00000197381	Small_Intestine_Terminal_Ileum	1	0	0
ENSG00000000938	Small_Intestine_Terminal_Ileum	1	1	0
ENSG00000124766	Small_Intestine_Terminal_Ileum	1	1	1
ENSG00000215346	Small_Intestine_Terminal_Ileum	1	1	1
ENSG00000022976	Brain_Putamen_basal_ganglia	1	1	1
ENSG00000077585	Brain_Putamen_basal_ganglia	1	1	0
ENSG00000100196	Brain_Putamen_basal_ganglia	1	1	0
ENSG00000108591	Brain_Putamen_basal_ganglia	1	1	1
ENSG00000113231	Brain_Putamen_basal_ganglia	1	1	1
ENSG00000140043	Brain_Putamen_basal_ganglia	1	1	1
ENSG00000142102	Brain_Putamen_basal_ganglia	1	1	0
ENSG00000151725	Brain_Putamen_basal_ganglia	1	0	0
ENSG00000163191	Brain_Putamen_basal_ganglia	1	1	0
ENSG00000173905	Brain_Putamen_basal_ganglia	1	1	0
ENSG00000187145	Brain_Putamen_basal_ganglia	1	1	0
ENSG00000155926	Brain_Putamen_basal_ganglia	1	1	1
ENSG00000188474	Brain_Putamen_basal_ganglia	1	1	1
ENSG00000124215	Brain_Putamen_basal_ganglia	1	1	1
ENSG00000162377	Brain_Putamen_basal_ganglia	1	1	0
ENSG00000180233	Brain_Putamen_basal_ganglia	1	1	1
ENSG00000223802	Brain_Putamen_basal_ganglia	1	1	1
ENSG00000185615	Brain_Putamen_basal_ganglia	1	1	1
ENSG00000103485	Brain_Putamen_basal_ganglia	1	0	0
ENSG00000148120	Brain_Putamen_basal_ganglia	1	1	0
ENSG00000225940	Brain_Putamen_basal_ganglia	1	1	1
ENSG00000167968	Brain_Putamen_basal_ganglia	1	1	0
ENSG00000005513	Spleen	1	1	0
ENSG00000104804	Spleen	1	1	0
ENSG00000115275	Spleen	1	1	1
ENSG00000115523	Spleen	1	1	0
ENSG00000136247	Spleen	1	1	1
ENSG00000139636	Spleen	1	1	1
ENSG00000140090	Spleen	1	1	0
ENSG00000143067	Spleen	1	0	0
ENSG00000154035	Spleen	1	1	1
ENSG00000157782	Spleen	1	1	0
ENSG00000159842	Spleen	1	1	1
ENSG00000169247	Spleen	1	0	0
ENSG00000170049	Spleen	1	1	0
ENSG00000176148	Spleen	1	1	1
ENSG00000182240	Spleen	1	1	1
ENSG00000183813	Spleen	1	1	1
ENSG00000189403	Spleen	1	1	1
ENSG00000250673	Spleen	1	1	1
ENSG00000072042	Spleen	1	1	0
ENSG00000109861	Spleen	1	1	1
ENSG00000122359	Spleen	1	1	1
ENSG00000176058	Spleen	1	1	0
ENSG00000129968	Spleen	1	1	0
ENSG00000131652	Spleen	1	1	1
ENSG00000167797	Spleen	1	1	1
ENSG00000167483	Spleen	1	1	0
ENSG00000125319	Spleen	1	1	1
ENSG00000023191	Breast_Mammary_Tissue	1	1	0
ENSG00000091106	Breast_Mammary_Tissue	1	0	0
ENSG00000091640	Breast_Mammary_Tissue	1	1	1
ENSG00000100908	Breast_Mammary_Tissue	1	1	0
ENSG00000101181	Breast_Mammary_Tissue	1	1	0
ENSG00000109182	Breast_Mammary_Tissue	1	1	0
ENSG00000133063	Breast_Mammary_Tissue	1	0	1
ENSG00000158828	Breast_Mammary_Tissue	1	1	1
ENSG00000162825	Breast_Mammary_Tissue	1	1	1
ENSG00000164825	Breast_Mammary_Tissue	1	1	1
ENSG00000183748	Breast_Mammary_Tissue	1	1	0
ENSG00000184702	Breast_Mammary_Tissue	1	1	1
ENSG00000186184	Breast_Mammary_Tissue	1	1	1
ENSG00000196199	Breast_Mammary_Tissue	1	1	1
ENSG00000203797	Breast_Mammary_Tissue	1	1	1
ENSG00000214940	Breast_Mammary_Tissue	1	1	1
ENSG00000240563	Breast_Mammary_Tissue	1	1	0
ENSG00000250673	Breast_Mammary_Tissue	1	1	1
ENSG00000119411	Breast_Mammary_Tissue	1	0	0
ENSG00000130787	Breast_Mammary_Tissue	1	1	1
ENSG00000137747	Breast_Mammary_Tissue	1	1	1
ENSG00000162063	Breast_Mammary_Tissue	1	1	1
ENSG00000167333	Breast_Mammary_Tissue	1	1	1
ENSG00000088876	Breast_Mammary_Tissue	1	1	0
ENSG00000178055	Breast_Mammary_Tissue	1	1	1
ENSG00000178531	Breast_Mammary_Tissue	1	1	1
ENSG00000110852	Breast_Mammary_Tissue	1	1	1
ENSG00000143819	Breast_Mammary_Tissue	1	1	1
ENSG00000118515	Breast_Mammary_Tissue	1	1	1
ENSG00000167105	Breast_Mammary_Tissue	1	1	1
ENSG00000182473	Breast_Mammary_Tissue	1	1	1
ENSG00000213463	Breast_Mammary_Tissue	1	1	1
ENSG00000070047	Stomach	1	1	1
ENSG00000102606	Stomach	1	1	0
ENSG00000112697	Stomach	1	1	0
ENSG00000123975	Stomach	1	1	0
ENSG00000132199	Stomach	1	1	1
ENSG00000133706	Stomach	1	1	1
ENSG00000133710	Stomach	1	1	0
ENSG00000138400	Stomach	1	1	0
ENSG00000145113	Stomach	1	1	0
ENSG00000146066	Stomach	1	0	1
ENSG00000150459	Stomach	1	1	0
ENSG00000170264	Stomach	1	1	1
ENSG00000174720	Stomach	1	1	1
ENSG00000179397	Stomach	1	1	1
ENSG00000189067	Stomach	1	0	0
ENSG00000198851	Stomach	1	1	1
ENSG00000198915	Stomach	1	1	1
ENSG00000240563	Stomach	1	1	0
ENSG00000073605	Stomach	1	1	0
ENSG00000122545	Stomach	1	1	1
ENSG00000134453	Stomach	1	1	0
ENSG00000158220	Stomach	1	1	0
ENSG00000164597	Stomach	1	1	0
ENSG00000111652	Stomach	1	1	1
ENSG00000156006	Stomach	1	1	1
ENSG00000164379	Stomach	1	1	1
ENSG00000091157	Stomach	1	1	1
ENSG00000066468	Stomach	1	1	0
ENSG00000140691	Stomach	1	1	0
ENSG00000112655	Stomach	1	1	0
ENSG00000162409	Stomach	1	1	1
ENSG00000178473	Stomach	1	1	0
ENSG00000158485	Stomach	1	1	1
ENSG00000180720	Stomach	1	1	0
ENSG00000164548	Stomach	1	1	1
ENSG00000121380	Stomach	1	1	1
ENSG00000127831	Stomach	1	1	1
ENSG00000013573	Cells_EBV-transformed_lymphocytes	1	1	1
ENSG00000100239	Cells_EBV-transformed_lymphocytes	1	0	0
ENSG00000101052	Cells_EBV-transformed_lymphocytes	1	1	1
ENSG00000112759	Cells_EBV-transformed_lymphocytes	1	1	0
ENSG00000114378	Cells_EBV-transformed_lymphocytes	1	1	0
ENSG00000156603	Cells_EBV-transformed_lymphocytes	1	1	0
ENSG00000160991	Cells_EBV-transformed_lymphocytes	1	1	0
ENSG00000163960	Cells_EBV-transformed_lymphocytes	1	1	1
ENSG00000167216	Cells_EBV-transformed_lymphocytes	1	1	1
ENSG00000183570	Cells_EBV-transformed_lymphocytes	1	1	1
ENSG00000197712	Cells_EBV-transformed_lymphocytes	1	0	1
ENSG00000235750	Cells_EBV-transformed_lymphocytes	1	1	0
ENSG00000241839	Cells_EBV-transformed_lymphocytes	1	1	0
ENSG00000249915	Cells_EBV-transformed_lymphocytes	1	1	0
ENSG00000080709	Cells_EBV-transformed_lymphocytes	1	1	1
ENSG00000122299	Cells_EBV-transformed_lymphocytes	1	1	0
ENSG00000137198	Cells_EBV-transformed_lymphocytes	1	1	1
ENSG00000138623	Cells_EBV-transformed_lymphocytes	1	1	1
ENSG00000141384	Cells_EBV-transformed_lymphocytes	1	1	0
ENSG00000158089	Cells_EBV-transformed_lymphocytes	1	0	0
ENSG00000159210	Cells_EBV-transformed_lymphocytes	1	1	1
ENSG00000159314	Cells_EBV-transformed_lymphocytes	1	1	1
ENSG00000172638	Cells_EBV-transformed_lymphocytes	1	1	1
ENSG00000174109	Cells_EBV-transformed_lymphocytes	1	1	1
ENSG00000198858	Cells_EBV-transformed_lymphocytes	1	1	1
ENSG00000138161	Cells_EBV-transformed_lymphocytes	1	1	0
ENSG00000103264	Cells_EBV-transformed_lymphocytes	1	1	0
ENSG00000117228	Cells_EBV-transformed_lymphocytes	1	1	0
ENSG00000132953	Cells_EBV-transformed_lymphocytes	1	1	0
ENSG00000218891	Cells_EBV-transformed_lymphocytes	1	1	0
ENSG00000119760	Cells_EBV-transformed_lymphocytes	1	1	0
ENSG00000090924	Cells_EBV-transformed_lymphocytes	1	1	1
ENSG00000083807	Cells_EBV-transformed_lymphocytes	1	1	1
ENSG00000128602	Cells_EBV-transformed_lymphocytes	1	1	1
ENSG00000166123	Cells_EBV-transformed_lymphocytes	1	1	1
ENSG00000130449	Cells_EBV-transformed_lymphocytes	1	0	0
ENSG00000005513	Testis	1	1	1
ENSG00000048140	Testis	1	1	0
ENSG00000087076	Testis	1	1	1
ENSG00000113638	Testis	1	1	0
ENSG00000117410	Testis	1	1	1
ENSG00000122678	Testis	1	1	0
ENSG00000131944	Testis	1	1	0
ENSG00000134242	Testis	1	1	1
ENSG00000134996	Testis	1	1	1
ENSG00000135519	Testis	1	1	1
ENSG00000138100	Testis	1	1	1
ENSG00000141698	Testis	1	0	1
ENSG00000158517	Testis	1	1	1
ENSG00000161999	Testis	1	1	0
ENSG00000169203	Testis	1	1	1
ENSG00000170439	Testis	1	1	1
ENSG00000177283	Testis	1	1	0
ENSG00000182511	Testis	1	1	1
ENSG00000213672	Testis	1	1	1
ENSG00000213988	Testis	1	1	1
ENSG00000238243	Testis	1	1	1
ENSG00000015475	Testis	1	0	0
ENSG00000121743	Testis	1	1	1
ENSG00000123810	Testis	1	1	0
ENSG00000146576	Testis	1	1	0
ENSG00000164542	Testis	1	1	0
ENSG00000171621	Testis	1	1	0
ENSG00000175029	Testis	1	0	0
ENSG00000185000	Testis	1	1	1
ENSG00000213619	Testis	1	0	1
ENSG00000105849	Testis	1	1	0
ENSG00000125965	Testis	1	1	1
ENSG00000082293	Testis	1	0	0
ENSG00000086159	Testis	1	1	0
ENSG00000132958	Testis	1	1	1
ENSG00000140853	Testis	1	1	0
ENSG00000149201	Testis	1	1	0
ENSG00000172888	Testis	1	1	1
ENSG00000183580	Testis	1	0	0
ENSG00000185885	Testis	1	0	0
ENSG00000188112	Testis	1	1	0
ENSG00000163491	Testis	1	1	0
ENSG00000125900	Testis	1	1	1
ENSG00000139370	Testis	1	1	0
ENSG00000171931	Testis	1	1	1
ENSG00000135709	Testis	1	1	1
ENSG00000256525	Testis	1	1	1
ENSG00000070831	Testis	1	1	0
ENSG00000117984	Testis	1	0	0
ENSG00000258053	Testis	1	1	0
ENSG00000269781	Testis	1	1	1
ENSG00000119421	Testis	1	1	1
ENSG00000130675	Testis	1	0	1
ENSG00000110583	Testis	1	1	1
ENSG00000158786	Testis	1	1	0
ENSG00000164113	Testis	1	1	0
ENSG00000169717	Testis	1	1	0
ENSG00000170967	Testis	1	1	1
ENSG00000204006	Testis	1	1	0
ENSG00000215131	Testis	1	1	1
ENSG00000081665	Cells_Cultured_fibroblasts	1	1	1
ENSG00000099282	Cells_Cultured_fibroblasts	1	1	1
ENSG00000099814	Cells_Cultured_fibroblasts	1	1	1
ENSG00000100504	Cells_Cultured_fibroblasts	1	1	0
ENSG00000100815	Cells_Cultured_fibroblasts	1	1	0
ENSG00000111046	Cells_Cultured_fibroblasts	1	1	1
ENSG00000116212	Cells_Cultured_fibroblasts	1	1	1
ENSG00000119537	Cells_Cultured_fibroblasts	1	0	0
ENSG00000119865	Cells_Cultured_fibroblasts	1	1	0
ENSG00000124275	Cells_Cultured_fibroblasts	1	0	1
ENSG00000125458	Cells_Cultured_fibroblasts	1	1	1
ENSG00000129187	Cells_Cultured_fibroblasts	1	1	0
ENSG00000131876	Cells_Cultured_fibroblasts	1	1	1
ENSG00000135213	Cells_Cultured_fibroblasts	1	1	1
ENSG00000141252	Cells_Cultured_fibroblasts	1	1	0
ENSG00000141404	Cells_Cultured_fibroblasts	1	1	1
ENSG00000146833	Cells_Cultured_fibroblasts	1	1	1
ENSG00000148296	Cells_Cultured_fibroblasts	1	1	1
ENSG00000151240	Cells_Cultured_fibroblasts	1	1	1
ENSG00000153060	Cells_Cultured_fibroblasts	1	1	0
ENSG00000153531	Cells_Cultured_fibroblasts	1	1	0
ENSG00000161010	Cells_Cultured_fibroblasts	1	1	1
ENSG00000162825	Cells_Cultured_fibroblasts	1	1	1
ENSG00000164385	Cells_Cultured_fibroblasts	1	1	1
ENSG00000166068	Cells_Cultured_fibroblasts	1	1	1
ENSG00000168159	Cells_Cultured_fibroblasts	1	1	1
ENSG00000168497	Cells_Cultured_fibroblasts	1	1	1
ENSG00000169330	Cells_Cultured_fibroblasts	1	1	1
ENSG00000177628	Cells_Cultured_fibroblasts	1	1	1
ENSG00000182853	Cells_Cultured_fibroblasts	1	1	1
ENSG00000186364	Cells_Cultured_fibroblasts	1	1	1
ENSG00000242259	Cells_Cultured_fibroblasts	1	1	1
ENSG00000076351	Cells_Cultured_fibroblasts	1	1	1
ENSG00000130751	Cells_Cultured_fibroblasts	1	1	1
ENSG00000130935	Cells_Cultured_fibroblasts	1	1	0
ENSG00000131771	Cells_Cultured_fibroblasts	1	1	1
ENSG00000137337	Cells_Cultured_fibroblasts	1	1	0
ENSG00000139437	Cells_Cultured_fibroblasts	1	1	1
ENSG00000157870	Cells_Cultured_fibroblasts	1	1	0
ENSG00000169908	Cells_Cultured_fibroblasts	1	1	0
ENSG00000172575	Cells_Cultured_fibroblasts	1	1	0
ENSG00000186973	Cells_Cultured_fibroblasts	1	1	1
ENSG00000197119	Cells_Cultured_fibroblasts	1	1	0
ENSG00000197467	Cells_Cultured_fibroblasts	1	1	0
ENSG00000232833	Cells_Cultured_fibroblasts	1	1	1
ENSG00000126561	Cells_Cultured_fibroblasts	1	1	1
ENSG00000248485	Cells_Cultured_fibroblasts	1	1	1
ENSG00000140836	Cells_Cultured_fibroblasts	1	1	0
ENSG00000175387	Cells_Cultured_fibroblasts	1	1	0
ENSG00000198750	Cells_Cultured_fibroblasts	1	1	1
ENSG00000215504	Cells_Cultured_fibroblasts	1	1	0
ENSG00000084093	Cells_Cultured_fibroblasts	1	1	1
ENSG00000091527	Cells_Cultured_fibroblasts	1	1	0
ENSG00000169964	Cells_Cultured_fibroblasts	1	1	1
ENSG00000087245	Cells_Cultured_fibroblasts	1	1	0
ENSG00000142676	Cells_Cultured_fibroblasts	1	1	1
ENSG00000177733	Cells_Cultured_fibroblasts	1	1	1
ENSG00000244486	Cells_Cultured_fibroblasts	1	1	0
ENSG00000165480	Cells_Cultured_fibroblasts	1	0	0
ENSG00000149016	Cells_Cultured_fibroblasts	1	1	1
ENSG00000010165	Thyroid	1	1	1
ENSG00000064607	Thyroid	1	1	1
ENSG00000090581	Thyroid	1	0	0
ENSG00000094963	Thyroid	1	0	0
ENSG00000095917	Thyroid	1	1	1
ENSG00000101246	Thyroid	1	1	1
ENSG00000101417	Thyroid	1	1	1
ENSG00000115159	Thyroid	1	1	1
ENSG00000116213	Thyroid	1	1	0
ENSG00000122971	Thyroid	1	1	0
ENSG00000123119	Thyroid	1	1	1
ENSG00000124802	Thyroid	1	1	1
ENSG00000132382	Thyroid	1	1	1
ENSG00000134809	Thyroid	1	1	1
ENSG00000141622	Thyroid	1	1	0
ENSG00000152022	Thyroid	1	1	1
ENSG00000154518	Thyroid	1	1	0
ENSG00000159579	Thyroid	1	1	0
ENSG00000162004	Thyroid	1	1	1
ENSG00000162520	Thyroid	1	1	1
ENSG00000165475	Thyroid	1	1	0
ENSG00000166342	Thyroid	1	1	0
ENSG00000172349	Thyroid	1	1	1
ENSG00000175048	Thyroid	1	1	0
ENSG00000177082	Thyroid	1	1	0
ENSG00000196456	Thyroid	1	1	1
ENSG00000203485	Thyroid	1	1	1
ENSG00000204403	Thyroid	1	1	1
ENSG00000213585	Thyroid	1	1	1
ENSG00000213799	Thyroid	1	0	0
ENSG00000010322	Thyroid	1	1	0
ENSG00000018510	Thyroid	1	1	1
ENSG00000127366	Thyroid	1	1	1
ENSG00000146463	Thyroid	1	1	1
ENSG00000151929	Thyroid	1	1	0
ENSG00000157870	Thyroid	1	1	0
ENSG00000165959	Thyroid	1	1	1
ENSG00000166148	Thyroid	1	0	0
ENSG00000169242	Thyroid	1	1	1
ENSG00000185101	Thyroid	1	0	0
ENSG00000196074	Thyroid	1	1	1
ENSG00000198807	Thyroid	1	1	0
ENSG00000204262	Thyroid	1	1	1
ENSG00000203965	Thyroid	1	1	1
ENSG00000100796	Thyroid	1	1	1
ENSG00000115267	Thyroid	1	1	1
ENSG00000160218	Thyroid	1	1	1
ENSG00000165527	Thyroid	1	1	1
ENSG00000167202	Thyroid	1	1	0
ENSG00000171885	Thyroid	1	1	0
ENSG00000197959	Thyroid	1	1	0
ENSG00000198642	Thyroid	1	1	1
ENSG00000165782	Thyroid	1	0	0
ENSG00000184939	Thyroid	1	1	1
ENSG00000111452	Thyroid	1	1	1
ENSG00000168502	Thyroid	1	1	0
ENSG00000086991	Thyroid	1	1	0
ENSG00000119508	Thyroid	1	1	0
ENSG00000198830	Thyroid	1	1	1
ENSG00000110200	Thyroid	1	1	1
ENSG00000174099	Thyroid	1	1	1
ENSG00000156284	Thyroid	1	1	0
ENSG00000189060	Thyroid	1	0	0
ENSG00000008282	Colon_Sigmoid	1	1	1
ENSG00000100564	Colon_Sigmoid	1	1	0
ENSG00000105699	Colon_Sigmoid	1	0	0
ENSG00000122547	Colon_Sigmoid	1	1	1
ENSG00000143158	Colon_Sigmoid	1	1	1
ENSG00000165272	Colon_Sigmoid	1	1	0
ENSG00000173473	Colon_Sigmoid	1	1	1
ENSG00000175691	Colon_Sigmoid	1	1	1
ENSG00000187145	Colon_Sigmoid	1	1	1
ENSG00000188086	Colon_Sigmoid	1	1	1
ENSG00000197599	Colon_Sigmoid	1	1	0
ENSG00000204403	Colon_Sigmoid	1	1	0
ENSG00000218739	Colon_Sigmoid	1	1	1
ENSG00000240563	Colon_Sigmoid	1	1	1
ENSG00000075073	Colon_Sigmoid	1	1	1
ENSG00000085377	Colon_Sigmoid	1	1	0
ENSG00000103266	Colon_Sigmoid	1	1	1
ENSG00000116574	Colon_Sigmoid	1	1	1
ENSG00000158201	Colon_Sigmoid	1	1	1
ENSG00000160791	Colon_Sigmoid	1	1	1
ENSG00000228594	Colon_Sigmoid	1	1	1
ENSG00000187980	Colon_Sigmoid	1	1	1
ENSG00000214688	Colon_Sigmoid	1	1	0
ENSG00000166343	Colon_Sigmoid	1	1	1
ENSG00000166197	Colon_Sigmoid	1	1	1
ENSG00000133858	Colon_Sigmoid	1	1	0
ENSG00000203747	Colon_Sigmoid	1	1	1
ENSG00000222005	Colon_Sigmoid	1	1	1
ENSG00000149187	Colon_Sigmoid	1	1	1
ENSG00000172789	Colon_Sigmoid	1	1	1
ENSG00000118508	Colon_Sigmoid	1	1	1
ENSG00000112559	Colon_Sigmoid	1	1	1
ENSG00000099984	Uterus	1	1	0
ENSG00000117505	Uterus	1	1	1
ENSG00000153208	Uterus	1	1	1
ENSG00000163389	Uterus	1	1	0
ENSG00000164754	Uterus	1	0	0
ENSG00000165102	Uterus	1	1	1
ENSG00000178750	Uterus	1	1	1
ENSG00000180185	Uterus	1	0	0
ENSG00000197457	Uterus	1	1	1
ENSG00000258818	Uterus	1	1	0
ENSG00000128805	Uterus	1	1	0
ENSG00000172350	Uterus	1	1	1
ENSG00000159374	Uterus	1	1	1
ENSG00000007392	Colon_Transverse	1	1	1
ENSG00000010803	Colon_Transverse	1	1	0
ENSG00000044090	Colon_Transverse	1	1	0
ENSG00000078814	Colon_Transverse	1	1	1
ENSG00000104047	Colon_Transverse	1	0	0
ENSG00000110711	Colon_Transverse	1	1	1
ENSG00000134255	Colon_Transverse	1	1	1
ENSG00000135945	Colon_Transverse	1	1	1
ENSG00000148229	Colon_Transverse	1	1	0
ENSG00000156411	Colon_Transverse	1	1	0
ENSG00000167785	Colon_Transverse	1	1	0
ENSG00000169231	Colon_Transverse	1	1	1
ENSG00000170509	Colon_Transverse	1	1	1
ENSG00000172466	Colon_Transverse	1	1	1
ENSG00000172671	Colon_Transverse	1	0	0
ENSG00000173145	Colon_Transverse	1	1	0
ENSG00000173457	Colon_Transverse	1	1	1
ENSG00000184164	Colon_Transverse	1	1	1
ENSG00000184990	Colon_Transverse	1	0	0
ENSG00000185271	Colon_Transverse	1	1	0
ENSG00000186510	Colon_Transverse	1	1	0
ENSG00000186832	Colon_Transverse	1	1	1
ENSG00000196648	Colon_Transverse	1	0	0
ENSG00000213240	Colon_Transverse	1	1	1
ENSG00000110719	Colon_Transverse	1	0	0
ENSG00000145868	Colon_Transverse	1	1	1
ENSG00000156510	Colon_Transverse	1	1	0
ENSG00000158023	Colon_Transverse	1	1	1
ENSG00000168237	Colon_Transverse	1	1	1
ENSG00000175354	Colon_Transverse	1	1	0
ENSG00000197472	Colon_Transverse	1	1	1
ENSG00000178449	Colon_Transverse	1	1	1
ENSG00000106823	Colon_Transverse	1	1	1
ENSG00000166348	Colon_Transverse	1	1	1
ENSG00000173621	Colon_Transverse	1	1	1
ENSG00000176058	Colon_Transverse	1	1	1
ENSG00000148362	Colon_Transverse	1	1	0
ENSG00000166803	Colon_Transverse	1	1	1
ENSG00000175206	Colon_Transverse	1	1	0
ENSG00000121892	Colon_Transverse	1	1	1
ENSG00000010318	Colon_Transverse	1	1	1
ENSG00000174807	Colon_Transverse	1	1	1
ENSG00000204842	Colon_Transverse	1	1	1
ENSG00000129514	Colon_Transverse	1	1	0
ENSG00000073146	Vagina	1	1	0
ENSG00000100426	Vagina	1	0	0
ENSG00000103249	Vagina	1	1	0
ENSG00000104442	Vagina	1	1	1
ENSG00000113716	Vagina	1	1	0
ENSG00000115138	Vagina	1	1	1
ENSG00000119139	Vagina	1	1	1
ENSG00000168092	Vagina	1	1	0
ENSG00000181656	Vagina	1	1	1
ENSG00000198824	Vagina	1	0	1
ENSG00000204859	Vagina	1	1	1
ENSG00000069712	Vagina	1	1	1
ENSG00000076351	Vagina	1	1	1
ENSG00000161395	Vagina	1	1	0
ENSG00000155363	Vagina	1	1	0
ENSG00000173918	Vagina	1	1	0
ENSG00000085063	Esophagus_Gastroesophageal_Junction	1	1	0
ENSG00000108947	Esophagus_Gastroesophageal_Junction	1	1	0
ENSG00000109047	Esophagus_Gastroesophageal_Junction	1	0	1
ENSG00000112763	Esophagus_Gastroesophageal_Junction	1	1	0
ENSG00000152942	Esophagus_Gastroesophageal_Junction	1	1	1
ENSG00000165568	Esophagus_Gastroesophageal_Junction	1	1	1
ENSG00000167528	Esophagus_Gastroesophageal_Junction	1	1	0
ENSG00000177000	Esophagus_Gastroesophageal_Junction	1	1	0
ENSG00000184908	Esophagus_Gastroesophageal_Junction	1	1	1
ENSG00000186184	Esophagus_Gastroesophageal_Junction	1	1	1
ENSG00000069667	Esophagus_Gastroesophageal_Junction	1	1	1
ENSG00000155307	Esophagus_Gastroesophageal_Junction	1	1	1
ENSG00000129749	Esophagus_Gastroesophageal_Junction	1	1	1
ENSG00000145779	Esophagus_Gastroesophageal_Junction	1	1	0
ENSG00000169410	Esophagus_Gastroesophageal_Junction	1	1	0
ENSG00000122566	Esophagus_Gastroesophageal_Junction	1	1	1
ENSG00000030066	Esophagus_Gastroesophageal_Junction	1	1	1
ENSG00000092140	Esophagus_Gastroesophageal_Junction	1	1	1
ENSG00000165917	Esophagus_Gastroesophageal_Junction	1	1	1
ENSG00000117984	Esophagus_Gastroesophageal_Junction	1	1	0
ENSG00000162961	Esophagus_Gastroesophageal_Junction	1	1	0
ENSG00000017260	Whole_Blood	1	0	1
ENSG00000033178	Whole_Blood	1	1	1
ENSG00000070269	Whole_Blood	1	1	0
ENSG00000079950	Whole_Blood	1	0	0
ENSG00000088205	Whole_Blood	1	1	0
ENSG00000103248	Whole_Blood	1	0	0
ENSG00000105204	Whole_Blood	1	1	1
ENSG00000111319	Whole_Blood	1	1	1
ENSG00000112031	Whole_Blood	1	1	0
ENSG00000112699	Whole_Blood	1	1	0
ENSG00000113558	Whole_Blood	1	0	0
ENSG00000119906	Whole_Blood	1	1	1
ENSG00000123992	Whole_Blood	1	1	1
ENSG00000130255	Whole_Blood	1	1	0
ENSG00000131591	Whole_Blood	1	1	1
ENSG00000132881	Whole_Blood	1	1	0
ENSG00000137266	Whole_Blood	1	1	1
ENSG00000139178	Whole_Blood	1	1	1
ENSG00000163466	Whole_Blood	1	1	0
ENSG00000163492	Whole_Blood	1	1	1
ENSG00000163803	Whole_Blood	1	1	0
ENSG00000164082	Whole_Blood	1	1	1
ENSG00000164654	Whole_Blood	1	1	0
ENSG00000164916	Whole_Blood	1	1	1
ENSG00000165233	Whole_Blood	1	1	0
ENSG00000165810	Whole_Blood	1	1	1
ENSG00000168427	Whole_Blood	1	1	1
ENSG00000171368	Whole_Blood	1	1	0
ENSG00000172236	Whole_Blood	1	1	1
ENSG00000175224	Whole_Blood	1	1	1
ENSG00000182022	Whole_Blood	1	1	0
ENSG00000186188	Whole_Blood	1	1	0
ENSG00000198189	Whole_Blood	1	1	1
ENSG00000198939	Whole_Blood	1	1	1
ENSG00000213699	Whole_Blood	1	1	1
ENSG00000243708	Whole_Blood	1	1	1
ENSG00000250673	Whole_Blood	1	1	1
ENSG00000258818	Whole_Blood	1	1	0
ENSG00000107104	Whole_Blood	1	1	1
ENSG00000116863	Whole_Blood	1	1	1
ENSG00000130511	Whole_Blood	1	1	1
ENSG00000143418	Whole_Blood	1	1	0
ENSG00000156502	Whole_Blood	1	1	0
ENSG00000184860	Whole_Blood	1	1	0
ENSG00000143318	Whole_Blood	1	0	0
ENSG00000151287	Whole_Blood	1	1	0
ENSG00000204611	Whole_Blood	1	1	0
ENSG00000104946	Whole_Blood	1	0	1
ENSG00000106459	Whole_Blood	1	1	0
ENSG00000111181	Whole_Blood	1	1	1
ENSG00000140992	Whole_Blood	1	1	1
ENSG00000125746	Whole_Blood	1	1	0
ENSG00000177733	Whole_Blood	1	0	1
ENSG00000084733	Whole_Blood	1	1	1
ENSG00000107957	Whole_Blood	1	1	1
ENSG00000181908	Whole_Blood	1	1	1
ENSG00000204070	Whole_Blood	1	1	1
ENSG00000257743	Whole_Blood	1	1	1
ENSG00000109920	Whole_Blood	1	1	1
ENSG00000096070	Whole_Blood	1	1	1
ENSG00000009335	Adipose_Subcutaneous	0	1	0
ENSG00000042062	Adipose_Subcutaneous	0	1	0
ENSG00000105928	Adipose_Subcutaneous	0	1	0
ENSG00000113845	Adipose_Subcutaneous	0	1	0
ENSG00000120253	Adipose_Subcutaneous	0	1	0
ENSG00000121690	Adipose_Subcutaneous	0	1	0
ENSG00000128513	Adipose_Subcutaneous	0	1	1
ENSG00000131435	Adipose_Subcutaneous	0	1	1
ENSG00000148690	Adipose_Subcutaneous	0	1	0
ENSG00000156521	Adipose_Subcutaneous	0	1	0
ENSG00000164366	Esophagus_Mucosa	0	1	0
ENSG00000168395	Esophagus_Mucosa	0	1	0
ENSG00000171798	Esophagus_Mucosa	0	1	1
ENSG00000137288	Esophagus_Mucosa	0	1	0
ENSG00000151704	Esophagus_Mucosa	0	1	0
ENSG00000173546	Esophagus_Mucosa	0	1	1
ENSG00000086062	Adipose_Visceral_Omentum	0	1	0
ENSG00000113504	Adipose_Visceral_Omentum	0	1	0
ENSG00000153044	Adipose_Visceral_Omentum	0	1	0
ENSG00000205089	Adipose_Visceral_Omentum	0	1	1
ENSG00000150165	Adipose_Visceral_Omentum	0	1	1
ENSG00000167780	Adipose_Visceral_Omentum	0	1	0
ENSG00000103449	Adipose_Visceral_Omentum	0	1	0
ENSG00000042445	Esophagus_Muscularis	0	1	0
ENSG00000148484	Esophagus_Muscularis	0	1	0
ENSG00000148690	Esophagus_Muscularis	0	1	0
ENSG00000223510	Esophagus_Muscularis	0	1	0
ENSG00000177556	Esophagus_Muscularis	0	1	0
ENSG00000109771	Adrenal_Gland	0	1	0
ENSG00000111432	Adrenal_Gland	0	1	0
ENSG00000138375	Adrenal_Gland	0	1	0
ENSG00000138660	Adrenal_Gland	0	1	0
ENSG00000146386	Adrenal_Gland	0	1	0
ENSG00000197599	Adrenal_Gland	0	1	0
ENSG00000121577	Adrenal_Gland	0	1	0
ENSG00000166575	Adrenal_Gland	0	1	1
ENSG00000188112	Adrenal_Gland	0	1	1
ENSG00000091157	Adrenal_Gland	0	1	0
ENSG00000184672	Heart_Atrial_Appendage	0	1	0
ENSG00000108298	Heart_Atrial_Appendage	0	1	0
ENSG00000010704	Brain_Anterior_cingulate_cortex_BA24	0	1	1
ENSG00000184402	Brain_Anterior_cingulate_cortex_BA24	0	1	0
ENSG00000167858	Brain_Anterior_cingulate_cortex_BA24	0	1	0
ENSG00000064545	Heart_Left_Ventricle	0	1	0
ENSG00000134352	Heart_Left_Ventricle	0	1	0
ENSG00000141644	Heart_Left_Ventricle	0	1	0
ENSG00000146386	Heart_Left_Ventricle	0	1	0
ENSG00000163521	Heart_Left_Ventricle	0	1	1
ENSG00000179833	Heart_Left_Ventricle	0	1	0
ENSG00000204538	Heart_Left_Ventricle	0	1	0
ENSG00000226479	Heart_Left_Ventricle	0	1	0
ENSG00000204444	Heart_Left_Ventricle	0	1	0
ENSG00000112041	Artery_Aorta	0	1	0
ENSG00000136870	Artery_Aorta	0	1	0
ENSG00000144843	Artery_Aorta	0	1	0
ENSG00000161896	Artery_Aorta	0	1	0
ENSG00000172456	Artery_Aorta	0	1	0
ENSG00000213096	Artery_Aorta	0	1	0
ENSG00000171823	Artery_Aorta	0	1	0
ENSG00000267060	Artery_Aorta	0	1	0
ENSG00000149476	Liver	0	1	0
ENSG00000101181	Artery_Coronary	0	1	0
ENSG00000111731	Artery_Coronary	0	1	0
ENSG00000138660	Artery_Coronary	0	1	0
ENSG00000070423	Artery_Coronary	0	1	0
ENSG00000047056	Lung	0	1	0
ENSG00000118900	Lung	0	1	1
ENSG00000121764	Lung	0	1	1
ENSG00000132329	Lung	0	1	1
ENSG00000148690	Lung	0	1	0
ENSG00000164404	Lung	0	1	0
ENSG00000057149	Lung	0	1	0
ENSG00000250305	Lung	0	1	0
ENSG00000173848	Lung	0	1	0
ENSG00000134153	Lung	0	1	0
ENSG00000121297	Lung	0	1	0
ENSG00000174206	Lung	0	1	0
ENSG00000032219	Artery_Tibial	0	1	0
ENSG00000072422	Artery_Tibial	0	1	0
ENSG00000137275	Artery_Tibial	0	1	1
ENSG00000138495	Artery_Tibial	0	1	1
ENSG00000171530	Artery_Tibial	0	1	1
ENSG00000231852	Artery_Tibial	0	1	0
ENSG00000130703	Artery_Tibial	0	1	0
ENSG00000166225	Artery_Tibial	0	1	0
ENSG00000214188	Artery_Tibial	0	1	0
ENSG00000204913	Artery_Tibial	0	1	0
ENSG00000024048	Muscle_Skeletal	0	1	1
ENSG00000106565	Muscle_Skeletal	0	1	1
ENSG00000136872	Muscle_Skeletal	0	1	0
ENSG00000142515	Muscle_Skeletal	0	1	0
ENSG00000143126	Muscle_Skeletal	0	1	0
ENSG00000148690	Muscle_Skeletal	0	1	0
ENSG00000154978	Muscle_Skeletal	0	1	0
ENSG00000179344	Muscle_Skeletal	0	1	1
ENSG00000196735	Muscle_Skeletal	0	1	1
ENSG00000155974	Muscle_Skeletal	0	1	0
ENSG00000109943	Muscle_Skeletal	0	1	0
ENSG00000007944	Muscle_Skeletal	0	1	0
ENSG00000155760	Muscle_Skeletal	0	1	1
ENSG00000182087	Brain_Caudate_basal_ganglia	0	1	0
ENSG00000100092	Nerve_Tibial	0	1	0
ENSG00000241839	Nerve_Tibial	0	1	0
ENSG00000171861	Nerve_Tibial	0	1	0
ENSG00000105849	Nerve_Tibial	0	1	1
ENSG00000095464	Nerve_Tibial	0	1	0
ENSG00000168263	Nerve_Tibial	0	1	0
ENSG00000170801	Nerve_Tibial	0	1	0
ENSG00000196873	Nerve_Tibial	0	1	0
ENSG00000111145	Nerve_Tibial	0	1	0
ENSG00000132199	Brain_Cerebellar_Hemisphere	0	1	1
ENSG00000155034	Brain_Cerebellar_Hemisphere	0	1	0
ENSG00000116525	Brain_Cerebellar_Hemisphere	0	1	0
ENSG00000196700	Brain_Cerebellar_Hemisphere	0	1	0
ENSG00000157881	Brain_Cerebellar_Hemisphere	0	1	0
ENSG00000114547	Ovary	0	1	0
ENSG00000119686	Ovary	0	1	0
ENSG00000175390	Ovary	0	1	0
ENSG00000087008	Brain_Cerebellum	0	1	0
ENSG00000087494	Brain_Cerebellum	0	1	0
ENSG00000101190	Brain_Cerebellum	0	1	0
ENSG00000148690	Brain_Cerebellum	0	1	0
ENSG00000160305	Brain_Cerebellum	0	1	0
ENSG00000167972	Brain_Cerebellum	0	1	0
ENSG00000198791	Brain_Cerebellum	0	1	0
ENSG00000204410	Brain_Cerebellum	0	1	1
ENSG00000163357	Brain_Cerebellum	0	1	0
ENSG00000101680	Pancreas	0	1	0
ENSG00000134802	Pancreas	0	1	0
ENSG00000168255	Pancreas	0	1	0
ENSG00000189043	Pancreas	0	1	0
ENSG00000219545	Pancreas	0	1	0
ENSG00000271303	Pancreas	0	1	0
ENSG00000138769	Pancreas	0	1	0
ENSG00000171951	Pancreas	0	1	0
ENSG00000112599	Brain_Cortex	0	1	0
ENSG00000135049	Brain_Cortex	0	1	1
ENSG00000184898	Brain_Cortex	0	1	0
ENSG00000185187	Brain_Cortex	0	1	0
ENSG00000113615	Pituitary	0	1	1
ENSG00000213024	Pituitary	0	1	0
ENSG00000214063	Pituitary	0	1	0
ENSG00000219545	Pituitary	0	1	0
ENSG00000232629	Pituitary	0	1	1
ENSG00000179477	Pituitary	0	1	0
ENSG00000029364	Brain_Frontal_Cortex_BA9	0	1	0
ENSG00000100364	Brain_Frontal_Cortex_BA9	0	1	0
ENSG00000180104	Brain_Frontal_Cortex_BA9	0	1	0
ENSG00000167755	Brain_Frontal_Cortex_BA9	0	1	0
ENSG00000027847	Prostate	0	1	0
ENSG00000102755	Prostate	0	1	1
ENSG00000218416	Prostate	0	1	0
ENSG00000197046	Prostate	0	1	0
ENSG00000142794	Skin_Not_Sun_Exposed_Suprapubic	0	1	0
ENSG00000140548	Skin_Not_Sun_Exposed_Suprapubic	0	1	1
ENSG00000104936	Skin_Not_Sun_Exposed_Suprapubic	0	1	0
ENSG00000185883	Skin_Not_Sun_Exposed_Suprapubic	0	1	1
ENSG00000015676	Brain_Hypothalamus	0	1	0
ENSG00000128617	Brain_Hypothalamus	0	1	1
ENSG00000150076	Brain_Hypothalamus	0	1	0
ENSG00000159899	Brain_Hypothalamus	0	1	0
ENSG00000172640	Brain_Hypothalamus	0	1	0
ENSG00000039139	Skin_Sun_Exposed_Lower_leg	0	1	0
ENSG00000133424	Skin_Sun_Exposed_Lower_leg	0	1	0
ENSG00000136250	Skin_Sun_Exposed_Lower_leg	0	1	0
ENSG00000168395	Skin_Sun_Exposed_Lower_leg	0	1	0
ENSG00000171202	Skin_Sun_Exposed_Lower_leg	0	1	0
ENSG00000171530	Skin_Sun_Exposed_Lower_leg	0	1	1
ENSG00000182931	Skin_Sun_Exposed_Lower_leg	0	1	0
ENSG00000157870	Skin_Sun_Exposed_Lower_leg	0	1	0
ENSG00000173418	Skin_Sun_Exposed_Lower_leg	0	1	0
ENSG00000134259	Skin_Sun_Exposed_Lower_leg	0	1	0
ENSG00000159256	Skin_Sun_Exposed_Lower_leg	0	1	0
ENSG00000121769	Skin_Sun_Exposed_Lower_leg	0	1	0
ENSG00000182901	Skin_Sun_Exposed_Lower_leg	0	1	0
ENSG00000110104	Brain_Nucleus_accumbens_basal_ganglia	0	1	0
ENSG00000128645	Small_Intestine_Terminal_Ileum	0	1	0
ENSG00000218739	Small_Intestine_Terminal_Ileum	0	1	0
ENSG00000267882	Small_Intestine_Terminal_Ileum	0	1	0
ENSG00000038274	Small_Intestine_Terminal_Ileum	0	1	0
ENSG00000140836	Small_Intestine_Terminal_Ileum	0	1	1
ENSG00000169397	Brain_Putamen_basal_ganglia	0	1	0
ENSG00000139620	Spleen	0	1	1
ENSG00000174953	Spleen	0	1	0
ENSG00000082996	Spleen	0	1	0
ENSG00000105996	Breast_Mammary_Tissue	0	1	0
ENSG00000141252	Breast_Mammary_Tissue	0	1	1
ENSG00000164111	Breast_Mammary_Tissue	0	1	0
ENSG00000180104	Breast_Mammary_Tissue	0	1	0
ENSG00000076706	Breast_Mammary_Tissue	0	1	0
ENSG00000166833	Breast_Mammary_Tissue	0	1	0
ENSG00000174083	Breast_Mammary_Tissue	0	1	0
ENSG00000128789	Stomach	0	1	0
ENSG00000138293	Stomach	0	1	1
ENSG00000148344	Stomach	0	1	0
ENSG00000164494	Stomach	0	1	0
ENSG00000128422	Stomach	0	1	0
ENSG00000112685	Cells_EBV-transformed_lymphocytes	0	1	0
ENSG00000142089	Cells_EBV-transformed_lymphocytes	0	1	0
ENSG00000196735	Cells_EBV-transformed_lymphocytes	0	1	0
ENSG00000068654	Testis	0	1	0
ENSG00000099282	Testis	0	1	0
ENSG00000130396	Testis	0	1	0
ENSG00000164125	Testis	0	1	1
ENSG00000197763	Testis	0	1	0
ENSG00000172270	Testis	0	1	0
ENSG00000148300	Testis	0	1	0
ENSG00000152910	Testis	0	1	0
ENSG00000181781	Testis	0	1	0
ENSG00000228032	Testis	0	1	0
ENSG00000089012	Testis	0	1	0
ENSG00000122585	Testis	0	1	0
ENSG00000111913	Cells_Cultured_fibroblasts	0	1	0
ENSG00000117601	Cells_Cultured_fibroblasts	0	1	0
ENSG00000170185	Cells_Cultured_fibroblasts	0	1	0
ENSG00000174705	Cells_Cultured_fibroblasts	0	1	0
ENSG00000180353	Cells_Cultured_fibroblasts	0	1	0
ENSG00000047662	Cells_Cultured_fibroblasts	0	1	0
ENSG00000139117	Cells_Cultured_fibroblasts	0	1	0
ENSG00000181938	Cells_Cultured_fibroblasts	0	1	0
ENSG00000126777	Cells_Cultured_fibroblasts	0	1	0
ENSG00000114861	Cells_Cultured_fibroblasts	0	1	0
ENSG00000269490	Cells_Cultured_fibroblasts	0	1	0
ENSG00000157954	Cells_Cultured_fibroblasts	0	1	0
ENSG00000070367	Cells_Cultured_fibroblasts	0	1	0
ENSG00000140995	Thyroid	0	1	0
ENSG00000146386	Thyroid	0	1	0
ENSG00000165474	Thyroid	0	1	0
ENSG00000205609	Thyroid	0	1	0
ENSG00000221990	Thyroid	0	1	0
ENSG00000136153	Thyroid	0	1	0
ENSG00000100288	Colon_Sigmoid	0	1	1
ENSG00000160818	Colon_Sigmoid	0	1	1
ENSG00000132704	Colon_Sigmoid	0	1	0
ENSG00000198522	Uterus	0	1	0
ENSG00000115593	Colon_Transverse	0	1	0
ENSG00000119950	Colon_Transverse	0	1	0
ENSG00000129946	Colon_Transverse	0	1	0
ENSG00000141458	Colon_Transverse	0	1	1
ENSG00000144834	Colon_Transverse	0	1	1
ENSG00000151240	Colon_Transverse	0	1	0
ENSG00000187166	Colon_Transverse	0	1	1
ENSG00000204344	Colon_Transverse	0	1	0
ENSG00000114200	Vagina	0	1	0
ENSG00000171798	Vagina	0	1	1
ENSG00000017373	Esophagus_Gastroesophageal_Junction	0	1	0
ENSG00000095564	Whole_Blood	0	1	0
ENSG00000100288	Whole_Blood	0	1	0
ENSG00000131037	Whole_Blood	0	1	0
ENSG00000146386	Whole_Blood	0	1	0
ENSG00000176915	Whole_Blood	0	1	0
ENSG00000188958	Whole_Blood	0	1	0
ENSG00000267757	Whole_Blood	0	1	0
ENSG00000102781	Whole_Blood	0	1	0
ENSG00000156515	Whole_Blood	0	1	0
ENSG00000185761	Whole_Blood	0	1	0
ENSG00000003987	Adipose_Subcutaneous	0	0	1
ENSG00000044115	Adipose_Subcutaneous	0	0	1
ENSG00000099999	Adipose_Subcutaneous	0	0	1
ENSG00000108021	Adipose_Subcutaneous	0	0	1
ENSG00000113312	Adipose_Subcutaneous	0	0	1
ENSG00000114686	Adipose_Subcutaneous	0	0	1
ENSG00000126368	Adipose_Subcutaneous	0	0	1
ENSG00000144115	Adipose_Subcutaneous	0	0	1
ENSG00000146587	Adipose_Subcutaneous	0	0	1
ENSG00000178015	Adipose_Subcutaneous	0	0	1
ENSG00000198042	Adipose_Subcutaneous	0	0	1
ENSG00000198783	Adipose_Subcutaneous	0	0	1
ENSG00000213445	Adipose_Subcutaneous	0	0	1
ENSG00000105379	Esophagus_Mucosa	0	0	1
ENSG00000139746	Esophagus_Mucosa	0	0	1
ENSG00000186184	Esophagus_Mucosa	0	0	1
ENSG00000244607	Esophagus_Mucosa	0	0	1
ENSG00000050438	Esophagus_Mucosa	0	0	1
ENSG00000115539	Esophagus_Mucosa	0	0	1
ENSG00000132481	Esophagus_Mucosa	0	0	1
ENSG00000144580	Esophagus_Mucosa	0	0	1
ENSG00000185722	Esophagus_Mucosa	0	0	1
ENSG00000187531	Esophagus_Mucosa	0	0	1
ENSG00000106355	Adipose_Visceral_Omentum	0	0	1
ENSG00000144791	Adipose_Visceral_Omentum	0	0	1
ENSG00000091732	Adipose_Visceral_Omentum	0	0	1
ENSG00000106236	Adipose_Visceral_Omentum	0	0	1
ENSG00000179134	Adipose_Visceral_Omentum	0	0	1
ENSG00000069943	Esophagus_Muscularis	0	0	1
ENSG00000112249	Esophagus_Muscularis	0	0	1
ENSG00000134548	Esophagus_Muscularis	0	0	1
ENSG00000162601	Esophagus_Muscularis	0	0	1
ENSG00000218739	Esophagus_Muscularis	0	0	1
ENSG00000197756	Esophagus_Muscularis	0	0	1
ENSG00000214357	Esophagus_Muscularis	0	0	1
ENSG00000234949	Esophagus_Muscularis	0	0	1
ENSG00000006327	Esophagus_Muscularis	0	0	1
ENSG00000100294	Esophagus_Muscularis	0	0	1
ENSG00000166509	Esophagus_Muscularis	0	0	1
ENSG00000182963	Esophagus_Muscularis	0	0	1
ENSG00000135441	Adrenal_Gland	0	0	1
ENSG00000157103	Adrenal_Gland	0	0	1
ENSG00000171202	Adrenal_Gland	0	0	1
ENSG00000171962	Adrenal_Gland	0	0	1
ENSG00000172716	Adrenal_Gland	0	0	1
ENSG00000176928	Adrenal_Gland	0	0	1
ENSG00000132915	Adrenal_Gland	0	0	1
ENSG00000256683	Adrenal_Gland	0	0	1
ENSG00000070010	Adrenal_Gland	0	0	1
ENSG00000100097	Adrenal_Gland	0	0	1
ENSG00000138496	Adrenal_Gland	0	0	1
ENSG00000168264	Adrenal_Gland	0	0	1
ENSG00000109180	Heart_Atrial_Appendage	0	0	1
ENSG00000143344	Heart_Atrial_Appendage	0	0	1
ENSG00000163961	Heart_Atrial_Appendage	0	0	1
ENSG00000170185	Heart_Atrial_Appendage	0	0	1
ENSG00000145365	Heart_Atrial_Appendage	0	0	1
ENSG00000158764	Heart_Atrial_Appendage	0	0	1
ENSG00000173540	Brain_Anterior_cingulate_cortex_BA24	0	0	1
ENSG00000211448	Brain_Anterior_cingulate_cortex_BA24	0	0	1
ENSG00000213402	Brain_Anterior_cingulate_cortex_BA24	0	0	1
ENSG00000266949	Brain_Anterior_cingulate_cortex_BA24	0	0	1
ENSG00000006607	Heart_Left_Ventricle	0	0	1
ENSG00000152778	Heart_Left_Ventricle	0	0	1
ENSG00000160305	Heart_Left_Ventricle	0	0	1
ENSG00000165512	Heart_Left_Ventricle	0	0	1
ENSG00000168546	Heart_Left_Ventricle	0	0	1
ENSG00000173376	Heart_Left_Ventricle	0	0	1
ENSG00000182154	Heart_Left_Ventricle	0	0	1
ENSG00000175376	Heart_Left_Ventricle	0	0	1
ENSG00000145248	Artery_Aorta	0	0	1
ENSG00000175634	Artery_Aorta	0	0	1
ENSG00000196526	Artery_Aorta	0	0	1
ENSG00000235978	Artery_Aorta	0	0	1
ENSG00000171222	Artery_Aorta	0	0	1
ENSG00000010256	Liver	0	0	1
ENSG00000085382	Liver	0	0	1
ENSG00000185479	Liver	0	0	1
ENSG00000103126	Artery_Coronary	0	0	1
ENSG00000128607	Artery_Coronary	0	0	1
ENSG00000020633	Artery_Coronary	0	0	1
ENSG00000145708	Lung	0	0	1
ENSG00000168393	Lung	0	0	1
ENSG00000205707	Lung	0	0	1
ENSG00000006534	Lung	0	0	1
ENSG00000050820	Lung	0	0	1
ENSG00000081237	Lung	0	0	1
ENSG00000099337	Lung	0	0	1
ENSG00000112164	Lung	0	0	1
ENSG00000123240	Artery_Tibial	0	0	1
ENSG00000168765	Artery_Tibial	0	0	1
ENSG00000182584	Artery_Tibial	0	0	1
ENSG00000218739	Artery_Tibial	0	0	1
ENSG00000117407	Artery_Tibial	0	0	1
ENSG00000138411	Artery_Tibial	0	0	1
ENSG00000162542	Artery_Tibial	0	0	1
ENSG00000179532	Artery_Tibial	0	0	1
ENSG00000128708	Artery_Tibial	0	0	1
ENSG00000101199	Artery_Tibial	0	0	1
ENSG00000150401	Artery_Tibial	0	0	1
ENSG00000198081	Artery_Tibial	0	0	1
ENSG00000074621	Artery_Tibial	0	0	1
ENSG00000102879	Artery_Tibial	0	0	1
ENSG00000103202	Muscle_Skeletal	0	0	1
ENSG00000138722	Muscle_Skeletal	0	0	1
ENSG00000151806	Muscle_Skeletal	0	0	1
ENSG00000162073	Muscle_Skeletal	0	0	1
ENSG00000166833	Muscle_Skeletal	0	0	1
ENSG00000108774	Brain_Caudate_basal_ganglia	0	0	1
ENSG00000143771	Brain_Caudate_basal_ganglia	0	0	1
ENSG00000166387	Brain_Caudate_basal_ganglia	0	0	1
ENSG00000178467	Brain_Caudate_basal_ganglia	0	0	1
ENSG00000065308	Brain_Caudate_basal_ganglia	0	0	1
ENSG00000145782	Brain_Caudate_basal_ganglia	0	0	1
ENSG00000150477	Brain_Caudate_basal_ganglia	0	0	1
ENSG00000136238	Brain_Caudate_basal_ganglia	0	0	1
ENSG00000109670	Brain_Caudate_basal_ganglia	0	0	1
ENSG00000104970	Brain_Caudate_basal_ganglia	0	0	1
ENSG00000174276	Brain_Caudate_basal_ganglia	0	0	1
ENSG00000070759	Nerve_Tibial	0	0	1
ENSG00000075336	Nerve_Tibial	0	0	1
ENSG00000099282	Nerve_Tibial	0	0	1
ENSG00000107960	Nerve_Tibial	0	0	1
ENSG00000131015	Nerve_Tibial	0	0	1
ENSG00000133393	Nerve_Tibial	0	0	1
ENSG00000135917	Nerve_Tibial	0	0	1
ENSG00000155097	Nerve_Tibial	0	0	1
ENSG00000175711	Nerve_Tibial	0	0	1
ENSG00000204310	Nerve_Tibial	0	0	1
ENSG00000157429	Nerve_Tibial	0	0	1
ENSG00000111716	Nerve_Tibial	0	0	1
ENSG00000157827	Nerve_Tibial	0	0	1
ENSG00000101199	Nerve_Tibial	0	0	1
ENSG00000005339	Nerve_Tibial	0	0	1
ENSG00000121851	Nerve_Tibial	0	0	1
ENSG00000124557	Nerve_Tibial	0	0	1
ENSG00000128829	Ovary	0	0	1
ENSG00000139746	Ovary	0	0	1
ENSG00000179344	Ovary	0	0	1
ENSG00000168264	Ovary	0	0	1
ENSG00000101104	Brain_Cerebellum	0	0	1
ENSG00000168765	Brain_Cerebellum	0	0	1
ENSG00000168792	Brain_Cerebellum	0	0	1
ENSG00000112309	Brain_Cerebellum	0	0	1
ENSG00000162078	Brain_Cerebellum	0	0	1
ENSG00000011478	Brain_Cerebellum	0	0	1
ENSG00000214708	Brain_Cerebellum	0	0	1
ENSG00000086696	Pancreas	0	0	1
ENSG00000091542	Pancreas	0	0	1
ENSG00000169047	Pancreas	0	0	1
ENSG00000188636	Pancreas	0	0	1
ENSG00000120659	Pancreas	0	0	1
ENSG00000001460	Brain_Cortex	0	0	1
ENSG00000162572	Brain_Cortex	0	0	1
ENSG00000167646	Brain_Cortex	0	0	1
ENSG00000168395	Brain_Cortex	0	0	1
ENSG00000180096	Brain_Cortex	0	0	1
ENSG00000197768	Brain_Cortex	0	0	1
ENSG00000141030	Brain_Cortex	0	0	1
ENSG00000151779	Brain_Cortex	0	0	1
ENSG00000166448	Brain_Cortex	0	0	1
ENSG00000176887	Brain_Cortex	0	0	1
ENSG00000160310	Pituitary	0	0	1
ENSG00000174788	Pituitary	0	0	1
ENSG00000239665	Pituitary	0	0	1
ENSG00000204475	Pituitary	0	0	1
ENSG00000100425	Pituitary	0	0	1
ENSG00000108296	Brain_Frontal_Cortex_BA9	0	0	1
ENSG00000138685	Brain_Frontal_Cortex_BA9	0	0	1
ENSG00000176783	Brain_Frontal_Cortex_BA9	0	0	1
ENSG00000006625	Brain_Frontal_Cortex_BA9	0	0	1
ENSG00000174799	Brain_Frontal_Cortex_BA9	0	0	1
ENSG00000184925	Brain_Frontal_Cortex_BA9	0	0	1
ENSG00000129480	Prostate	0	0	1
ENSG00000145736	Prostate	0	0	1
ENSG00000184232	Prostate	0	0	1
ENSG00000204176	Prostate	0	0	1
ENSG00000204947	Prostate	0	0	1
ENSG00000178826	Prostate	0	0	1
ENSG00000184809	Prostate	0	0	1
ENSG00000204420	Prostate	0	0	1
ENSG00000188760	Prostate	0	0	1
ENSG00000060558	Brain_Hippocampus	0	0	1
ENSG00000101350	Brain_Hippocampus	0	0	1
ENSG00000136448	Skin_Not_Sun_Exposed_Suprapubic	0	0	1
ENSG00000164081	Skin_Not_Sun_Exposed_Suprapubic	0	0	1
ENSG00000166377	Skin_Not_Sun_Exposed_Suprapubic	0	0	1
ENSG00000174749	Skin_Not_Sun_Exposed_Suprapubic	0	0	1
ENSG00000188612	Skin_Not_Sun_Exposed_Suprapubic	0	0	1
ENSG00000104938	Brain_Hypothalamus	0	0	1
ENSG00000134109	Brain_Hypothalamus	0	0	1
ENSG00000143171	Brain_Hypothalamus	0	0	1
ENSG00000101391	Brain_Hypothalamus	0	0	1
ENSG00000054611	Skin_Sun_Exposed_Lower_leg	0	0	1
ENSG00000131375	Skin_Sun_Exposed_Lower_leg	0	0	1
ENSG00000174007	Skin_Sun_Exposed_Lower_leg	0	0	1
ENSG00000106012	Skin_Sun_Exposed_Lower_leg	0	0	1
ENSG00000137171	Skin_Sun_Exposed_Lower_leg	0	0	1
ENSG00000152782	Skin_Sun_Exposed_Lower_leg	0	0	1
ENSG00000228727	Skin_Sun_Exposed_Lower_leg	0	0	1
ENSG00000107485	Skin_Sun_Exposed_Lower_leg	0	0	1
ENSG00000204007	Skin_Sun_Exposed_Lower_leg	0	0	1
ENSG00000101457	Brain_Nucleus_accumbens_basal_ganglia	0	0	1
ENSG00000130312	Brain_Nucleus_accumbens_basal_ganglia	0	0	1
ENSG00000144369	Brain_Nucleus_accumbens_basal_ganglia	0	0	1
ENSG00000147804	Brain_Nucleus_accumbens_basal_ganglia	0	0	1
ENSG00000122958	Brain_Nucleus_accumbens_basal_ganglia	0	0	1
ENSG00000204386	Brain_Nucleus_accumbens_basal_ganglia	0	0	1
ENSG00000184674	Small_Intestine_Terminal_Ileum	0	0	1
ENSG00000188191	Small_Intestine_Terminal_Ileum	0	0	1
ENSG00000232629	Small_Intestine_Terminal_Ileum	0	0	1
ENSG00000103995	Small_Intestine_Terminal_Ileum	0	0	1
ENSG00000166002	Small_Intestine_Terminal_Ileum	0	0	1
ENSG00000198346	Small_Intestine_Terminal_Ileum	0	0	1
ENSG00000214562	Brain_Putamen_basal_ganglia	0	0	1
ENSG00000146576	Brain_Putamen_basal_ganglia	0	0	1
ENSG00000120686	Brain_Putamen_basal_ganglia	0	0	1
ENSG00000162191	Brain_Putamen_basal_ganglia	0	0	1
ENSG00000197646	Spleen	0	0	1
ENSG00000101425	Breast_Mammary_Tissue	0	0	1
ENSG00000114670	Breast_Mammary_Tissue	0	0	1
ENSG00000166004	Breast_Mammary_Tissue	0	0	1
ENSG00000172175	Breast_Mammary_Tissue	0	0	1
ENSG00000090266	Breast_Mammary_Tissue	0	0	1
ENSG00000167114	Breast_Mammary_Tissue	0	0	1
ENSG00000213865	Breast_Mammary_Tissue	0	0	1
ENSG00000153815	Breast_Mammary_Tissue	0	0	1
ENSG00000184402	Stomach	0	0	1
ENSG00000213853	Stomach	0	0	1
ENSG00000130340	Stomach	0	0	1
ENSG00000141503	Stomach	0	0	1
ENSG00000197520	Stomach	0	0	1
ENSG00000268852	Stomach	0	0	1
ENSG00000129993	Stomach	0	0	1
ENSG00000205981	Stomach	0	0	1
ENSG00000105404	Cells_EBV-transformed_lymphocytes	0	0	1
ENSG00000115841	Cells_EBV-transformed_lymphocytes	0	0	1
ENSG00000160796	Cells_EBV-transformed_lymphocytes	0	0	1
ENSG00000164713	Cells_EBV-transformed_lymphocytes	0	0	1
ENSG00000198336	Cells_EBV-transformed_lymphocytes	0	0	1
ENSG00000064787	Cells_EBV-transformed_lymphocytes	0	0	1
ENSG00000100473	Cells_EBV-transformed_lymphocytes	0	0	1
ENSG00000216895	Cells_EBV-transformed_lymphocytes	0	0	1
ENSG00000100427	Cells_EBV-transformed_lymphocytes	0	0	1
ENSG00000198734	Cells_EBV-transformed_lymphocytes	0	0	1
ENSG00000068796	Cells_EBV-transformed_lymphocytes	0	0	1
ENSG00000054356	Cells_EBV-transformed_lymphocytes	0	0	1
ENSG00000113594	Testis	0	0	1
ENSG00000115163	Testis	0	0	1
ENSG00000131389	Testis	0	0	1
ENSG00000136003	Testis	0	0	1
ENSG00000161016	Testis	0	0	1
ENSG00000162298	Testis	0	0	1
ENSG00000164414	Testis	0	0	1
ENSG00000171115	Testis	0	0	1
ENSG00000185988	Testis	0	0	1
ENSG00000112195	Testis	0	0	1
ENSG00000143353	Testis	0	0	1
ENSG00000010327	Testis	0	0	1
ENSG00000067365	Testis	0	0	1
ENSG00000144724	Testis	0	0	1
ENSG00000148204	Testis	0	0	1
ENSG00000163645	Testis	0	0	1
ENSG00000187175	Testis	0	0	1
ENSG00000181518	Testis	0	0	1
ENSG00000011485	Cells_Cultured_fibroblasts	0	0	1
ENSG00000109089	Cells_Cultured_fibroblasts	0	0	1
ENSG00000122783	Cells_Cultured_fibroblasts	0	0	1
ENSG00000125967	Cells_Cultured_fibroblasts	0	0	1
ENSG00000132840	Cells_Cultured_fibroblasts	0	0	1
ENSG00000155324	Cells_Cultured_fibroblasts	0	0	1
ENSG00000167106	Cells_Cultured_fibroblasts	0	0	1
ENSG00000171055	Cells_Cultured_fibroblasts	0	0	1
ENSG00000197217	Cells_Cultured_fibroblasts	0	0	1
ENSG00000114738	Cells_Cultured_fibroblasts	0	0	1
ENSG00000138074	Cells_Cultured_fibroblasts	0	0	1
ENSG00000197894	Cells_Cultured_fibroblasts	0	0	1
ENSG00000081059	Cells_Cultured_fibroblasts	0	0	1
ENSG00000151694	Cells_Cultured_fibroblasts	0	0	1
ENSG00000116704	Cells_Cultured_fibroblasts	0	0	1
ENSG00000137825	Cells_Cultured_fibroblasts	0	0	1
ENSG00000172789	Cells_Cultured_fibroblasts	0	0	1
ENSG00000165061	Cells_Cultured_fibroblasts	0	0	1
ENSG00000258484	Cells_Cultured_fibroblasts	0	0	1
ENSG00000143337	Cells_Cultured_fibroblasts	0	0	1
ENSG00000131435	Thyroid	0	0	1
ENSG00000186453	Thyroid	0	0	1
ENSG00000036530	Thyroid	0	0	1
ENSG00000083535	Thyroid	0	0	1
ENSG00000159884	Thyroid	0	0	1
ENSG00000196367	Thyroid	0	0	1
ENSG00000204767	Thyroid	0	0	1
ENSG00000152818	Thyroid	0	0	1
ENSG00000017427	Thyroid	0	0	1
ENSG00000110400	Thyroid	0	0	1
ENSG00000136367	Thyroid	0	0	1
ENSG00000132740	Colon_Sigmoid	0	0	1
ENSG00000213077	Colon_Sigmoid	0	0	1
ENSG00000198791	Colon_Sigmoid	0	0	1
ENSG00000106554	Colon_Sigmoid	0	0	1
ENSG00000107223	Colon_Sigmoid	0	0	1
ENSG00000136536	Colon_Sigmoid	0	0	1
ENSG00000197818	Colon_Sigmoid	0	0	1
ENSG00000198848	Colon_Sigmoid	0	0	1
ENSG00000137825	Colon_Sigmoid	0	0	1
ENSG00000160959	Colon_Sigmoid	0	0	1
ENSG00000132879	Uterus	0	0	1
ENSG00000153132	Uterus	0	0	1
ENSG00000119431	Colon_Transverse	0	0	1
ENSG00000146729	Colon_Transverse	0	0	1
ENSG00000106976	Colon_Transverse	0	0	1
ENSG00000204172	Colon_Transverse	0	0	1
ENSG00000083838	Colon_Transverse	0	0	1
ENSG00000001084	Vagina	0	0	1
ENSG00000112514	Vagina	0	0	1
ENSG00000173727	Vagina	0	0	1
ENSG00000177409	Vagina	0	0	1
ENSG00000185278	Vagina	0	0	1
ENSG00000241563	Vagina	0	0	1
ENSG00000164105	Vagina	0	0	1
ENSG00000091622	Vagina	0	0	1
ENSG00000128311	Vagina	0	0	1
ENSG00000119782	Esophagus_Gastroesophageal_Junction	0	0	1
ENSG00000124532	Esophagus_Gastroesophageal_Junction	0	0	1
ENSG00000162572	Esophagus_Gastroesophageal_Junction	0	0	1
ENSG00000184470	Esophagus_Gastroesophageal_Junction	0	0	1
ENSG00000119411	Esophagus_Gastroesophageal_Junction	0	0	1
ENSG00000174628	Esophagus_Gastroesophageal_Junction	0	0	1
ENSG00000117399	Esophagus_Gastroesophageal_Junction	0	0	1
ENSG00000087206	Whole_Blood	0	0	1
ENSG00000118507	Whole_Blood	0	0	1
ENSG00000163607	Whole_Blood	0	0	1
ENSG00000197238	Whole_Blood	0	0	1
ENSG00000256043	Whole_Blood	0	0	1
ENSG00000069424	Whole_Blood	0	0	1
ENSG00000141682	Whole_Blood	0	0	1
ENSG00000158234	Whole_Blood	0	0	1
ENSG00000066583	Whole_Blood	0	0	1
ENSG00000158470	Whole_Blood	0	0	1
ENSG00000170144	Whole_Blood	0	0	1
ENSG00000164056	Whole_Blood	0	0	1
ENSG00000183103	Whole_Blood	0	0	1
