tax_id	Org_name	GeneID	CurrentID	Status	Symbol	Aliases	description	other_designations	map_location	chromosome	genomic_nucleotide_accession.version	start_position_on_the_genomic_accession	end_position_on_the_genomic_accession	orientation	exon_count	OMIM	
9606	Homo sapiens	8863	0	live	PER3	FASPS3, GIG13	period circadian regulator 3	period circadian protein homolog 3|cell growth-inhibiting gene 13 protein|circadian clock protein PERIOD 3|period circadian clock 3|period circadian protein 3	1p36.23	1	NC_000001.11	7784285	7845181	plus	25	603427	
9606	Homo sapiens	10911	0	live	UTS2	PRO1068, U-II, UCN2, UII	urotensin 2	urotensin-2|prepro U-II|urotensin II	1p36.23	1	NC_000001.11	7846345	7913615	minus	7	604097	
9606	Homo sapiens	3399	0	live	ID3	HEIR-1, bHLHb25	inhibitor of DNA binding 3, HLH protein	DNA-binding protein inhibitor ID-3|ID-like protein inhibitor HLH 1R21|class B basic helix-loop-helix protein 25|helix-loop-helix protein HEIR-1|inhibitor of DNA binding 3, dominant negative helix-loop-helix protein|inhibitor of differentiation 3	1p36.12	1	NC_000001.11	23557926	23559501	minus	3	600277	
9606	Homo sapiens	3061	0	live	HCRTR1	ORXR1, OX1R, OXR1	hypocretin receptor 1	orexin/Hypocretin receptor type 1|orexin receptor type 1|hypocretin (orexin) receptor 1|hypocretin receptor type 1|orexin receptor 1	1p35.2	1	NC_000001.11	31617689	31632518	plus	9	602392	
9606	Homo sapiens	3065	0	live	HDAC1	GON-10, HD1, KDAC1, RPD3, RPD3L1	histone deacetylase 1	histone deacetylase 1|protein deacetylase HDAC1|protein decrotonylase HDAC1|reduced potassium dependency, yeast homolog-like 1	1p35.2-p35.1	1	NC_000001.11	32292083	32333628	plus	14	601241	
9606	Homo sapiens	6421	0	live	SFPQ	POMP100, PPP1R140, PSF	splicing factor proline and glutamine rich	splicing factor, proline- and glutamine-rich|100 kDa DNA-pairing protein|DNA-binding p52/p100 complex, 100 kDa subunit|PTB-associated splicing factor|epididymis secretory sperm binding protein|polypyrimidine tract binding protein associated|polypyrimidine tract-binding protein-associated splicing factor|protein phosphatase 1, regulatory subunit 140|splicing factor proline/glutamine rich (polypyrimidine tract binding protein associated)|splicing factor proline/glutamine-rich	1p34.3	1	NC_000001.11	35176380	35193174	minus	13	605199	
9606	Homo sapiens	9967	0	live	THRAP3	BCLAF2, TRAP150	thyroid hormone receptor associated protein 3	thyroid hormone receptor-associated protein 3|BCLAF1 and THRAP3 family member 2|TR-associated protein, 150-kDa|thyroid hormone receptor-associated protein complex 150 kDa component|thyroid hormone receptor-associated protein, 150 kDa subunit	1p34.3	1	NC_000001.11	36224429	36305357	plus	15	603809	
9606	Homo sapiens	5563	0	live	PRKAA2	AMPK, AMPK2, AMPKa2, PRKAA	protein kinase AMP-activated catalytic subunit alpha 2	5'-AMP-activated protein kinase catalytic subunit alpha-2|5'-AMP-activated protein kinase, catalytic alpha-2 chain|ACACA kinase|AMPK alpha 2|AMPK subunit alpha-2|AMPK-alpha-2 chain|HMGCR kinase|acetyl-CoA carboxylase kinase|hydroxymethylglutaryl-CoA reductase kinase|protein kinase, AMP-activated, alpha 2 catalytic subunit	1p32.2	1	NC_000001.11	56645314	56715335	plus	12	600497	
9606	Homo sapiens	3725	0	live	JUN	AP-1, AP1, c-Jun, cJUN, p39	Jun proto-oncogene, AP-1 transcription factor subunit	transcription factor Jun|Jun activation domain binding protein|activator protein 1|enhancer-binding protein AP1|jun oncogene|proto-oncogene c-Jun|proto-oncogene cJun|transcription factor AP-1|transcription factor AP-1 subunit Jun|v-jun avian sarcoma virus 17 oncogene homolog|v-jun sarcoma virus 17 oncogene homolog	1p32.1	1	NC_000001.11	58780791	58784047	minus	1	165160	
9606	Homo sapiens	84432	0	live	PROK1	EGVEGF, PK1, PRK1	prokineticin 1	prokineticin-1|EG-VEGF|black mamba toxin-related protein|endocrine-gland-derived vascular endothelial growth factor|mambakine	1p13.3	1	NC_000001.11	110451149	110457358	plus	3	606233	
9606	Homo sapiens	148523	0	live	CIART	C1orf51, CHRONO, GM129	circadian associated repressor of transcription	circadian-associated transcriptional repressor|chIP-derived repressor of network oscillator|computationally highlighted repressor of the network oscillator	1q21.2	1	NC_000001.11	150282554	150287093	plus	6	615782	
9606	Homo sapiens	405	0	live	ARNT	HIF-1-beta, HIF-1beta, HIF1-beta, HIF1B, HIF1BETA, TANGO, bHLHe2	aryl hydrocarbon receptor nuclear translocator	aryl hydrocarbon receptor nuclear translocator|class E basic helix-loop-helix protein 2|dioxin receptor, nuclear translocator|hypoxia-inducible factor 1, beta subunit	1q21.3	1	NC_000001.11	150809713	150876737	minus	25	126110	
9606	Homo sapiens	6097	0	live	RORC	IMD42, NR1F3, RORG, RZR-GAMMA, RZRG, TOR	RAR related orphan receptor C	nuclear receptor ROR-gamma|nuclear receptor RZR-gamma|nuclear receptor subfamily 1 group F member 3|retinoic acid-binding receptor gamma|retinoid-related orphan receptor gamma	1q21.3	1	NC_000001.11	151806071	151832451	minus	13	602943	
9606	Homo sapiens	1141	0	live	CHRNB2	EFNL3, nAChRB2	cholinergic receptor nicotinic beta 2 subunit	neuronal acetylcholine receptor subunit beta-2|acetylcholine receptor, nicotinic, beta 2 (neuronal)|beta2 human neuronal nicotinic acetylcholine receptor|cholinergic receptor, nicotinic beta 2|cholinergic receptor, nicotinic, beta 2 (neuronal)|cholinergic receptor, nicotinic, beta polypeptide 2 (neuronal)|neuronal nicotinic acetylcholine receptor beta 2	1q21.3	1	NC_000001.11	154567778	154584708	plus	7	118507	
9606	Homo sapiens	4914	0	live	NTRK1	MTC, TRK, TRK1, TRKA, Trk-A, p140-TrkA	neurotrophic receptor tyrosine kinase 1	high affinity nerve growth factor receptor|Oncogene TRK|TRK1-transforming tyrosine kinase protein|gp140trk|neurotrophic tyrosine kinase, receptor, type 1|tropomyosin-related kinase A|tyrosine kinase receptor A	1q23.1	1	NC_000001.11	156815750	156881850	plus	19	191315	
9606	Homo sapiens	1660	0	live	DHX9	DDX9, LKP, NDH2, NDHII, RHA	DExH-box helicase 9	ATP-dependent RNA helicase A|DEAD/H (Asp-Glu-Ala-Asp/His) box polypeptide 9|DEAH (Asp-Glu-Ala-His) box helicase 9|DEAH (Asp-Glu-Ala-His) box polypeptide 9|DEAH box protein 9|DEAH-box helicase 9|RNA helicase A|leukophysin|nuclear DNA helicase II	1q25.3	1	NC_000001.11	182839347	182887982	plus	29	603115	
9606	Homo sapiens	134	0	live	ADORA1	RDC7	adenosine A1 receptor	adenosine receptor A1	1q32.1	1	NC_000001.11	203127705	203167405	plus	4	102775	
9606	Homo sapiens	5629	0	live	PROX1		prospero homeobox 1	prospero homeobox protein 1|homeobox prospero-like protein PROX1|prospero-related homeobox 1	1q32.3	1	NC_000001.11	213983239	214041510	plus	9	601546	
9606	Homo sapiens	23596	0	live	OPN3	ECPN, PPP1R116	opsin 3	opsin-3|encephalopsin|opsin 3 (encephalopsin, panopsin)|protein phosphatase 1, regulatory subunit 116	1q43	1	NC_000001.11	241593124	241640369	minus	5	606695	
9606	Homo sapiens	3192	0	live	HNRNPU	DEE54, EIEE54, GRIP120-AS1, HNRPU, SAF-A, SAFA, U21.1, hnRNP U, pp120, HNRNPU	heterogeneous nuclear ribonucleoprotein U	heterogeneous nuclear ribonucleoprotein U|HNRNPU antisense RNA 1|heterogeneous nuclear ribonucleoprotein U (scaffold attachment factor A)|nuclear p120 ribonucleoprotein|p120 nuclear protein	1q44	1	NC_000001.11	244850297	244864543	minus	14	602869	
9606	Homo sapiens	3398	0	live	ID2	GIG8A, ID2H, bHLHb26, ID2	inhibitor of DNA binding 2	DNA-binding protein inhibitor ID-2|DNA-binding protein inhibitor ID2|cell growth-inhibiting gene 8|class B basic helix-loop-helix protein 26|helix-loop-helix protein ID2|inhibitor of DNA binding 2, HLH protein|inhibitor of DNA binding 2, dominant negative helix-loop-helix protein|inhibitor of differentiation 2	2p25.1	2	NC_000002.12	8682056	8684461	plus	3	600386	
9606	Homo sapiens	9475	0	live	ROCK2	ROCK-II	Rho associated coiled-coil containing protein kinase 2	rho-associated protein kinase 2|p164 ROCK-2|rho-associated, coiled-coil-containing protein kinase II	2p25.1	2	NC_000002.12	11179759	11345437	minus	37	604002	
9606	Homo sapiens	5500	0	live	PPP1CB	HEL-S-80p, MP, NSLH2, PP-1B, PP1B, PP1beta, PP1c, PPP1CD, PPP1beta	protein phosphatase 1 catalytic subunit beta	serine/threonine-protein phosphatase PP1-beta catalytic subunit|epididymis secretory sperm binding protein Li 80p|myosin phosphatase|protein phosphatase 1, catalytic subunit, beta isozyme|protein phosphatase 1-beta|protein phosphatase 1-delta	2p23.2	2	NC_000002.12	28751604	28802940	plus	9	600590	
9606	Homo sapiens	6496	0	live	SIX3	HPE2	SIX homeobox 3	homeobox protein SIX3|sine oculis homeobox homolog 3|sine oculis homeobox-like protein 3|truncated SIX3	2p21	2	NC_000002.12	44941702	44946071	plus	2	603714	
9606	Homo sapiens	6233	0	live	RPS27A	CEP80, HEL112, S27A, UBA80, UBC, UBCEP1, UBCEP80	ribosomal protein S27a	ubiquitin-40S ribosomal protein S27a|40S ribosomal protein S27a|epididymis luminal protein 112|ubiquitin C|ubiquitin and ribosomal protein S27a|ubiquitin carboxyl extension protein 80|ubiquitin-CEP80	2p16.1	2	NC_000002.12	55231903	55235853	plus	7	191343	
9606	Homo sapiens	2673	0	live	GFPT1	CMS12, CMSTA1, GFA, GFAT, GFAT 1, GFAT1, GFAT1m, GFPTL, MSLG, GFPT1	glutamine--fructose-6-phosphate transaminase 1	glutamine--fructose-6-phosphate aminotransferase [isomerizing] 1|D-fructose-6-phosphate amidotransferase 1|glucosamine--fructose-6-phosphate aminotransferase [isomerizing] 1|glutamine:fructose-6-phosphate amidotransferase 1|hexosephosphate aminotransferase 1	2p13.3	2	NC_000002.12	69319780	69387227	minus	21	138292	
9606	Homo sapiens	129521	0	live	NMS		neuromedin S	neuromedin-S|neuromedin S precursor-related peptide/neuromedin S preproprotein|prepro-NMS	2q11.2	2	NC_000002.12	100470482	100483280	plus	10	619337	
9606	Homo sapiens	4862	0	live	NPAS2	MOP4, PASD4, bHLHe9	neuronal PAS domain protein 2	neuronal PAS domain-containing protein 2|PAS domain-containing protein 4|basic-helix-loop-helix-PAS protein MOP4|class E basic helix-loop-helix protein 9|member of PAS protein 4|member of PAS superfamily 4|neuronal PAS2	2q11.2	2	NC_000002.12	100820139	100996829	plus	25	603347	
9606	Homo sapiens	90134	0	live	KCNH7	ERG3, HERG3, Kv11.3	potassium voltage-gated channel subfamily H member 7	potassium voltage-gated channel subfamily H member 7|ERG-3|eag-related protein 3|ether-a-go-go-related gene potassium channel 3|ether-a-go-go-related protein 3|potassium channel subunit HERG-3|potassium channel, voltage gated eag related subfamily H, member 7|voltage-gated potassium channel subunit Kv11.3	2q24.2	2	NC_000002.12	162371407	162838817	minus	17	608169	
9606	Homo sapiens	1385	0	live	CREB1	CREB, CREB-1	cAMP responsive element binding protein 1	cyclic AMP-responsive element-binding protein 1|active transcription factor CREB|cAMP-response element-binding protein-1|cyclic adenosine 3',5'-monophosphate response element binding protein|cyclic adenosine 3',5'-monophosphate response element-binding protein CREB|transactivator protein	2q33.3	2	NC_000002.12	207529943	207605988	plus	13	123810	
9606	Homo sapiens	8864	0	live	PER2	FASPS, FASPS1	period circadian regulator 2	period circadian protein homolog 2|circadian clock protein PERIOD 2|hPER2|period 2|period circadian clock 2|period circadian protein 2|period homolog 2	2q37.3	2	NC_000002.12	238244038	238290102	minus	25	603426	
9606	Homo sapiens	8553	0	live	BHLHE40	BHLHB2, Clast5, DEC1, HLHB2, SHARP-2, SHARP2, STRA13, Stra14	basic helix-loop-helix family member e40	class E basic helix-loop-helix protein 40|basic helix-loop-helix domain containing, class B, 2|class B basic helix-loop-helix protein 2|differentially expressed in chondrocytes 1|differentially expressed in chondrocytes protein 1|differentiated embryo chondrocyte expressed gene 1|enhancer-of-split and hairy-related protein 2|stimulated by retinoic acid gene 13 protein	3p26.1	3	NC_000003.12	4979420	4985323	plus	5	604256	
9606	Homo sapiens	51738	0	live	GHRL	MTLRP	ghrelin and obestatin prepropeptide	appetite-regulating hormone|In2c-preproghrelin|ghrelin, growth hormone secretagogue receptor ligand|ghrelin/obestatin preprohormone|ghrelin/obestatin prepropeptide|growth hormone-releasing peptide|motilin-related peptide|prepro-appetite regulatory hormone|preproghrelin	3p25.3	3	NC_000003.12	10285666	10292947	minus	6	605353	
9606	Homo sapiens	5468	0	live	PPARG	CIMT1, GLM1, NR1C31, PPARG2, PPARG5, PPARgamma, PPARG	peroxisome proliferator activated receptor gamma	peroxisome proliferator-activated receptor gamma|PPAR-gamma|nuclear receptor subfamily 1 group C member 3|peroxisome proliferator-activated receptor-gamma 5|peroxisome proliferator-activated receptor-gamma splicing	3p25.2	3	NC_000003.12	12287368	12434344	plus	14	601487	
9606	Homo sapiens	9975	0	live	NR1D2	BD73, EAR-1R, REVERBB, REVERBbeta, RVR	nuclear receptor subfamily 1 group D member 2	nuclear receptor subfamily 1 group D member 2|V-erbA-related protein 1-related|orphan nuclear hormone receptor BD73|rev-erb alpha-related receptor|rev-erb-beta|rev-erba-alpha-related receptor	3p24.2	3	NC_000003.12	23945286	23980618	plus	10	602304	
9606	Homo sapiens	60675	0	live	PROK2	BV8, HH4, KAL4, MIT1, PK2	prokineticin 2	prokineticin-2|protein Bv8 homolog	3p13	3	NC_000003.12	71771655	71785148	minus	5	607002	
9606	Homo sapiens	1814	0	live	DRD3	D3DR, ETM1, FET1	dopamine receptor D3	D(3) dopamine receptor|essential tremor 1	3q13.31	3	NC_000003.12	114127580	114199407	minus	11	126451	
9606	Homo sapiens	2932	0	live	GSK3B		glycogen synthase kinase 3 beta	glycogen synthase kinase-3 beta|GSK-3 beta|serine/threonine-protein kinase GSK3B	3q13.33	3	NC_000003.12	119821321	120095823	minus	13	605004	
9606	Homo sapiens	8403	0	live	SOX14	SOX28	SRY-box transcription factor 14	transcription factor SOX-14|HMG box transcription factor SOX-14|SRY (sex determining region Y)-box 14|SRY-box 14	3q22.3	3	NC_000003.12	137764315	137766334	plus	1	604747	
9606	Homo sapiens	22871	0	live	NLGN1	NL1	neuroligin 1	neuroligin-1	3q26.31	3	NC_000003.12	173395929	174294372	plus	14	600568	
9606	Homo sapiens	9370	0	live	ADIPOQ	ACDC, ACRP30, ADIPQTL1, ADPN, APM-1, APM1, GBP28	adiponectin, C1Q and collagen domain containing	adiponectin|30 kDa adipocyte complement-related protein|adipocyte complement-related 30 kDa protein|adipose most abundant gene transcript 1 protein|adipose specific collagen-like factor|gelatin-binding protein 28	3q27.3	3	NC_000003.12	186842710	186858463	plus	4	605441	
9606	Homo sapiens	10891	0	live	PPARGC1A	LEM6, PGC-1(alpha), PGC-1alpha, PGC-1v, PGC1, PGC1A, PPARGC1	PPARG coactivator 1 alpha	peroxisome proliferator-activated receptor gamma coactivator 1-alpha|L-PGC-1alpha|PGC-1-alpha|PPAR gamma coactivator variant form|PPARGC-1-alpha|PPARgamma coactivator 1alpha|ligand effect modulator-6	4p15.2	4	NC_000004.12	23792021	24472905	minus	24	604517	
9606	Homo sapiens	9575	0	live	CLOCK	KAT13D, bHLHe8	clock circadian regulator	circadian locomoter output cycles protein kaput|circadian locomoter output cycles kaput protein|class E basic helix-loop-helix protein 8|clock homolog	4q12	4	NC_000004.12	55427903	55547138	minus	28	601851	
9606	Homo sapiens	5593	0	live	PRKG2	AMD4, PKG2, PRKGR2, SMDP, cGK2, cGKII	protein kinase cGMP-dependent 2	cGMP-dependent protein kinase 2|cGMP-dependent protein kinase II|protein kinase, cGMP-dependent, type II|testicular tissue protein Li 99	4q21.21	4	NC_000004.12	81087370	81217837	minus	23	601591	
9606	Homo sapiens	3184	0	live	HNRNPD	AUF1, AUF1A, HNRPD, P37, hnRNPD0	heterogeneous nuclear ribonucleoprotein D	heterogeneous nuclear ribonucleoprotein D0|ARE-binding protein AUFI, type A|AU-rich element RNA binding protein 1, 37kDa|hnRNP D0	4q21.22	4	NC_000004.12	82352498	82373991	minus	9	601324	
9606	Homo sapiens	5602	0	live	MAPK10	JNK3, JNK3A, PRKM10, SAPK1b, p493F12, p54bSAPK	mitogen-activated protein kinase 10	mitogen-activated protein kinase 10|JNK3 alpha protein kinase|MAP kinase 10|MAP kinase p49 3F12|c-Jun N-terminal kinase 3|stress activated protein kinase beta|stress-activated protein kinase 1b|stress-activated protein kinase JNK3	4q21.3	4	NC_000004.12	86010405	86594625	minus	27	602897	
9606	Homo sapiens	4547	0	live	MTTP	ABL, MTP	microsomal triglyceride transfer protein	microsomal triglyceride transfer protein large subunit|microsomal triglyceride transfer protein (large polypeptide, 88kDa)	4q23	4	NC_000004.12	99564130	99623997	plus	19	157147	
9606	Homo sapiens	25819	0	live	NOCT	CCR4L, CCRN4L, Ccr4c, NOC	nocturnin	nocturnin|CCR4 carbon catabolite repression 4-like|CCR4 protein homolog|CCR4-like (carbon catabolite repression 4, S.cerevisiae)|carbon catabolite repression 4-like protein|circadian deadenylase NOC	4q31.1	4	NC_000004.12	139015781	139045939	plus	3	608468	
9606	Homo sapiens	4887	0	live	NPY2R	NPY2-R	neuropeptide Y receptor Y2	neuropeptide Y receptor type 2|NPY-Y2 receptor	4q32.1	4	NC_000004.12	155173723	155217076	plus	3	162642	
9606	Homo sapiens	4543	0	live	MTNR1A	MEL-1A-R, MT1	melatonin receptor 1A	melatonin receptor type 1A|mel1a receptor	4q35.2	4	NC_000004.12	186532769	186555567	minus	3	600665	
9606	Homo sapiens	6550	0	live	SLC9A3	DIAR8, NHE-3, NHE3	solute carrier family 9 member A3	sodium/hydrogen exchanger 3|Na(+)/H(+) exchanger 3|solute carrier family 9 (sodium/hydrogen exchanger), member 3|solute carrier family 9, subfamily A (NHE3, cation proton antiporter 3), member 3	5p15.33	5	NC_000005.10	470456	524449	minus	17	182307	
9606	Homo sapiens	5562	0	live	PRKAA1	AMPK, AMPK alpha 1, AMPKa1	protein kinase AMP-activated catalytic subunit alpha 1	5'-AMP-activated protein kinase catalytic subunit alpha-1|5'-AMP-activated protein kinase, catalytic alpha-1 chain|ACACA kinase|AMP -activate kinase alpha 1 subunit|AMP-activated protein kinase, catalytic, alpha-1|AMPK subunit alpha-1|AMPK, alpha, 1|HMGCR kinase|acetyl-CoA carboxylase kinase|hydroxymethylglutaryl-CoA reductase kinase|protein kinase, AMP-activated, alpha 1 catalytic subunit|tau-protein kinase PRKAA1	5p13.1	5	NC_000005.10	40759389	40798374	minus	12	602739	
9606	Homo sapiens	9607	0	live	CARTPT	CART	CART prepropeptide	cocaine- and amphetamine-regulated transcript protein	5q13.2	5	NC_000005.10	71719275	71721045	plus	3	602606	
9606	Homo sapiens	9456	0	live	HOMER1	HOMERA, HOMER1B, HOMER1C, SYN47, Ves-1, HOMER1	homer scaffold protein 1	homer protein homolog 1|homer homolog 1|homer scaffolding protein 1|homer, neuronal immediate early gene, 1|homer-1	5q14.1	5	NC_000005.10	79372636	79514134	minus	10	604798	
9606	Homo sapiens	6500	0	live	SKP1	EMC19, OCP-II, OCP2A, TCEB1L, p19A, SKP1	S-phase kinase associated protein 1	S-phase kinase-associated protein 1|OCP-2|RNA polymerase II elongation factor-like protein OCP2|SIII|cyclin A/CDK2-associated p19|cyclin-A/CDK2-associated protein p19|organ of Corti protein 2|organ of Corti protein II|p19skp1|transcription elongation factor B polypeptide 1-like	5q31.1	5	NC_000005.10	134148935	134176950	minus	5	601434	
9606	Homo sapiens	1958	0	live	EGR1	AT225, G0S30, KROX-24, NGFI-A, TIS8, ZIF-268, ZNF225	early growth response 1	early growth response protein 1|EGR-1|nerve growth factor-induced protein A|transcription factor ETR103|transcription factor Zif268|zinc finger gene 225|zinc finger protein 225|zinc finger protein Krox-24	5q31.2	5	NC_000005.10	138465479	138469303	plus	2	128990	
9606	Homo sapiens	8841	0	live	HDAC3	HD3, KDAC3, RPD3, RPD3-2	histone deacetylase 3	histone deacetylase 3|SMAP45|protein deacetylase HDAC3|protein deacylase HDAC3	5q31.3	5	NC_000005.10	141620881	141636849	minus	15	605166	
9606	Homo sapiens	23291	0	live	FBXW11	BTRC2, BTRCP2, FBW1B, FBXW1B, Fbw11, Hos, NEDJED	F-box and WD repeat domain containing 11	F-box/WD repeat-containing protein 11|F-box and WD repeats protein beta-TrCP2|F-box and WD-40 domain protein 11|F-box and WD-40 domain protein 1B|F-box protein Fbw1b|F-box/WD repeat-containing protein 1B|beta-transducin repeat-containing protein 2|homologous to Slimb protein	5q35.1	5	NC_000005.10	171861549	172006638	minus	18	605651	
9606	Homo sapiens	1812	0	live	DRD1	DADRA, DRD1	dopamine receptor D1	D(1A) dopamine receptor|dopamine D1 receptor	5q35.2	5	NC_000005.10	175440036	175444182	minus	2	126449	
9606	Homo sapiens	5601	0	live	MAPK9	JNK-55, JNK2, JNK2A, JNK2ALPHA, JNK2B, JNK2BETA, PRKM9, SAPK, SAPK1a, p54a, p54aSAPK	mitogen-activated protein kinase 9	mitogen-activated protein kinase 9|Jun kinase|MAP kinase 9|MAPK 9|c-Jun N-terminal kinase 2|c-Jun kinase 2|stress-activated protein kinase 1a|stress-activated protein kinase JNK2	5q35.3	5	NC_000005.10	180233143	180292083	minus	17	602896	
9606	Homo sapiens	3400	0	live	ID4	IDB4, bHLHb27	inhibitor of DNA binding 4, HLH protein	DNA-binding protein inhibitor ID-4|class B basic helix-loop-helix protein 27|inhibitor of DNA binding 4, dominant negative helix-loop-helix protein|inhibitor of differentiation 4	6p22.3	6	NC_000006.12	19837370	19842197	plus	3	600581	
9606	Homo sapiens	114781	0	live	BTBD9	dJ322I12.1	BTB domain containing 9	BTB/POZ domain-containing protein 9|BTB (POZ) domain containing 9	6p21.2	6	NC_000006.12	38168451	38640541	minus	17	611237	
9606	Homo sapiens	3062	0	live	HCRTR2	ORXR2, OX2R, OXR2	hypocretin receptor 2	orexin receptor type 2|hypocretin (orexin) receptor 2|hypocretin receptor type 2|orexin type-2 receptor	6p12.1	6	NC_000006.12	55106469	55284698	plus	9	602393	
9606	Homo sapiens	3066	0	live	HDAC2	HD2, KDAC2, RPD3, YAF1	histone deacetylase 2	histone deacetylase 2|YY1-associated factor 1|protein deacylase HDAC2|transcriptional regulator homolog RPD3	6q21	6	NC_000006.12	113933028	113971148	minus	17	605164	
9606	Homo sapiens	196	0	live	AHR	RP85, bHLHe76	aryl hydrocarbon receptor	aryl hydrocarbon receptor|AH-receptor|ah receptor|aromatic hydrocarbon receptor|class E basic helix-loop-helix protein 76	7p21.1	7	NC_000007.14	17298652	17346147	plus	11	600253	
9606	Homo sapiens	3569	0	live	IL6	BSF-2, BSF2, CDF, HGF, HSF, IFN-beta-2, IFNB2, IL-6	interleukin 6	interleukin-6|B-cell differentiation factor|B-cell stimulatory factor 2|CTL differentiation factor|hybridoma growth factor|interferon beta-2|interleukin BSF-2	7p15.3	7	NC_000007.14	22725889	22732002	plus	6	147620	
9606	Homo sapiens	107	0	live	ADCY1	AC1, DFNB44	adenylate cyclase 1	adenylate cyclase type 1|3',5'-cyclic AMP synthetase|ATP pyrophosphate-lyase 1|Ca(2+)/calmodulin-activated adenylyl cyclase|adenyl cyclase|adenylate cyclase 1 (brain)|adenylate cyclase type I|adenylyl cyclase 1|adenylyl cyclase subtype 1	7p12.3	7	NC_000007.14	45574140	45723116	plus	22	103072	
9606	Homo sapiens	1644	0	live	DDC	AADC	dopa decarboxylase	aromatic-L-amino-acid decarboxylase|dopa decarboxylase (aromatic L-amino acid decarboxylase)	7p12.2-p12.1	7	NC_000007.14	50458436	50565460	minus	18	107930	
9606	Homo sapiens	1364	0	live	CLDN4	CPE-R, CPER, CPETR, CPETR1, WBSCR8, hCPE-R	claudin 4	claudin-4|CPE-receptor|Clostridium perfringens enterotoxin receptor 1|Williams-Beuren syndrome chromosomal region 8 protein	7q11.23	7	NC_000007.14	73830996	73832690	plus	1	602909	
9606	Homo sapiens	5054	0	live	SERPINE1	PAI, PAI-1, PAI1, PLANH1	serpin family E member 1	plasminogen activator inhibitor 1|endothelial plasminogen activator inhibitor|serine (or cysteine) proteinase inhibitor, clade E (nexin, plasminogen activator inhibitor type 1), member 1|serpin E1|serpin peptidase inhibitor, clade E (nexin, plasminogen activator inhibitor type 1), member 1	7q22.1	7	NC_000007.14	101127104	101139247	plus	9	173360	
9606	Homo sapiens	10135	0	live	NAMPT	1110035O14Rik, PBEF, PBEF1, VF, VISFATIN	nicotinamide phosphoribosyltransferase	nicotinamide phosphoribosyltransferase|NAmPRTase|pre-B cell-enhancing factor|pre-B-cell colony-enhancing factor 1	7q22.3	7	NC_000007.14	106248298	106284983	minus	11	608764	
9606	Homo sapiens	3751	0	live	KCND2	KV4.2, RK5	potassium voltage-gated channel subfamily D member 2	potassium voltage-gated channel subfamily D member 2|potassium channel, voltage gated Shal related subfamily D, member 2|voltage-gated potassium channel subunit Kv4.2|voltage-sensitive potassium channel	7q31.31	7	NC_000007.14	120273175	120750337	plus	7	605410	
9606	Homo sapiens	5078	0	live	PAX4	KPD, MODY9	paired box 4	paired box protein Pax-4|paired box gene 4|paired domain gene 4	7q32.1	7	NC_000007.14	127610292	127618142	minus	12	167413	
9606	Homo sapiens	3952	0	live	LEP	LEPD, OB, OBS	leptin	leptin|leptin (murine obesity homolog)|leptin (obesity homolog, mouse)|obese protein|obese, mouse, homolog of|obesity factor	7q32.1	7	NC_000007.14	128241201	128257629	plus	3	164160	
9606	Homo sapiens	8454	0	live	CUL1		cullin 1	cullin-1|CUL-1	7q36.1	7	NC_000007.14	148697756	148801110	plus	26	603134	
9606	Homo sapiens	2146	0	live	EZH2	ENX-1, ENX1b, KMT6, KMT6A, WVS, WVS2, EZH2	enhancer of zeste 2 polycomb repressive complex 2 subunit	histone-lysine N-methyltransferase EZH2|enhancer of zeste homolog 2|lysine N-methyltransferase 6	7q36.1	7	NC_000007.14	148807374	148884344	minus	25	601573	
9606	Homo sapiens	6440	0	live	SFTPC	BRICD6, PSP-C, SFTP2, SMDP2, SP-C, SP5	surfactant protein C	pulmonary surfactant-associated protein C|BRICHOS domain containing 6|pulmonary surfactant apoprotein-2 SP-C|pulmonary surfactant-associated proteolipid SPL(Val)	8p21.3	8	NC_000008.11	22157383	22164479	plus	9	178620	
9606	Homo sapiens	57805	0	live	CCAR2	DBC-1, DBC1, KIAA1967, NET35, p30 DBC, p30DBC	cell cycle and apoptosis regulator 2	cell cycle and apoptosis regulator protein 2|cell division cycle and apoptosis regulator protein 2|deleted in breast cancer 1	8p21.3	8	NC_000008.11	22604740	22621514	plus	22	607359	
9606	Homo sapiens	1960	0	live	EGR3	EGR-3, PILOT	early growth response 3	early growth response protein 3|zinc finger protein pilot	8p21.3	8	NC_000008.11	22687659	22693480	minus	5	602419	
9606	Homo sapiens	6770	0	live	STAR	STARD1	steroidogenic acute regulatory protein	steroidogenic acute regulatory protein, mitochondrial|START domain containing 1|START domain-containing protein 1|StAR related lipid transfer (START) domain containing 1|cholesterol trafficker|mitochondrial steroid acute regulatory protein|steroid acute regulatory protein|steroidogenic acute regulator|testis secretory sperm-binding protein Li 241mP	8p11.23	8	NC_000008.11	38142700	38150952	minus	7	600617	
9606	Homo sapiens	5591	0	live	PRKDC	DNA-PKC, DNA-PKcs, DNAPK, DNAPKc, DNPK1, HYRC, HYRC1, IMD26, XRCC7, p350	protein kinase, DNA-activated, catalytic subunit	DNA-dependent protein kinase catalytic subunit|DNA-PK catalytic subunit|hyper-radiosensitivity of murine scid mutation, complementing 1|p460|protein kinase, DNA-activated, catalytic polypeptide	8q11.21	8	NC_000008.11	47773111	47960136	minus	86	600899	
9606	Homo sapiens	1392	0	live	CRH	CRF1, CRH	corticotropin releasing hormone	corticoliberin|corticotropin-releasing factor	8q13.1	8	NC_000008.11	66176376	66178464	minus	2	122560	
9606	Homo sapiens	10499	0	live	NCOA2	GRIP1, KAT13C, NCoA-2, SRC2, TIF2, bHLHe75	nuclear receptor coactivator 2	nuclear receptor coactivator 2|class E basic helix-loop-helix protein 75|glucocorticoid receptor-interacting protein-1|p160 steroid receptor coactivator 2|transcriptional intermediary factor 2	8q13.3	8	NC_000008.11	70109770	70405390	minus	31	601993	
9606	Homo sapiens	7071	0	live	KLF10	EGR-alpha, EGRA, TIEG, TIEG1	Kruppel like factor 10	Krueppel-like factor 10|TGFB-inducible early growth response protein 1|early growth response-alpha|transforming growth factor-beta-inducible early growth response protein 1|zinc finger transcription factor TIEG	8q22.3	8	NC_000008.11	102648784	102655725	minus	5	601878	
9606	Homo sapiens	687	0	live	KLF9	BTEB, BTEB1	Kruppel like factor 9	Krueppel-like factor 9|BTE-binding protein 1|GC-box-binding protein 1|basic transcription element-binding protein 1|transcription factor BTEB1	9q21.12	9	NC_000009.12	70384604	70414657	minus	2	602902	
9606	Homo sapiens	6096	0	live	RORB	EIG15, NR1F2, ROR-BETA, RZR-BETA, RZRB, bA133M9.1	RAR related orphan receptor B	nuclear receptor ROR-beta|RAR-related orphan receptor beta|nuclear receptor RZR-beta|nuclear receptor subfamily 1 group F member 2|retinoic acid-binding receptor beta|retinoid-related orphan receptor beta	9q21.13	9	NC_000009.12	74497335	74693177	plus	11	601972	
9606	Homo sapiens	2776	0	live	GNAQ	CMC1, G-ALPHA-q, GAQ, SWS	G protein subunit alpha q	guanine nucleotide-binding protein G(q) subunit alpha|epididymis secretory sperm binding protein|guanine nucleotide binding protein (G protein), q polypeptide|guanine nucleotide-binding protein alpha-q	9q21.2	9	NC_000009.12	77716097	78031811	minus	8	600998	
9606	Homo sapiens	4783	0	live	NFIL3	E4BP4, IL3BP1, NF-IL3AA, NFIL3	nuclear factor, interleukin 3 regulated	nuclear factor interleukin-3-regulated protein|E4 promoter-binding protein 4|adenovirus E4 promoter region binding protein|interleukin-3 promoter transcriptional activator|interleukin-3-binding protein 1|transcriptional activator NF-IL3A	9q22.31	9	NC_000009.12	91409045	91425063	minus	5	605327	
9606	Homo sapiens	23064	0	live	SETX	ALS4, AOA2, SCAN2, SCAR1, Sen1, bA479K20.2	senataxin	probable helicase senataxin|SEN1 homolog|amyotrophic lateral sclerosis 4 protein	9q34.13	9	NC_000009.12	132261356	132356726	minus	33	608465	
9606	Homo sapiens	5730	0	live	PTGDS	L-PGDS, LPGDS, PDS, PGD2, PGDS, PGDS2	prostaglandin D2 synthase	prostaglandin-H2 D-isomerase|PGD2 synthase|beta-trace protein|cerebrin-28|glutathione-independent PGD synthase|glutathione-independent PGD synthetase|lipocalin-type prostaglandin D synthase|prostaglandin D synthase|prostaglandin D2 synthase 21kDa (brain)|testis tissue sperm-binding protein Li 63n	9q34.3	9	NC_000009.12	136977504	136981742	plus	7	176803	
9606	Homo sapiens	79723	0	live	SUV39H2	KMT1B	SUV39H2 histone lysine methyltransferase	histone-lysine N-methyltransferase SUV39H2|H3-K9-HMTase 2|histone H3-K9 methyltransferase 2|histone methyltransferase SUV39H2|lysine N-methyltransferase 1B|su(var)3-9 homolog 2|suppressor of variegation 3-9 homolog 2	10p13	10	NC_000010.11	14878866	14904315	plus	8	606503	
9606	Homo sapiens	1390	0	live	CREM	CREM-2, ICER, hCREM-2	cAMP responsive element modulator	cAMP-responsive element modulator|CREM 2alpha-b protein|CREM 2beta-a protein|cAMP response element modulator|inducible cAMP early repressor ICER	10p11.21	10	NC_000010.11	35126841	35212958	plus	18	123812	
9606	Homo sapiens	5599	0	live	MAPK8	JNK, JNK-46, JNK1, JNK1A2, JNK21B1/2, PRKM8, SAPK1, SAPK1c	mitogen-activated protein kinase 8	mitogen-activated protein kinase 8|JUN N-terminal kinase|MAP kinase 8|c-Jun N-terminal kinase 1|stress-activated protein kinase 1|stress-activated protein kinase 1c	10q11.22	10	NC_000010.11	48306673	48439360	plus	16	601158	
9606	Homo sapiens	23411	0	live	SIRT1	SIR2, SIR2L1, SIR2alpha	sirtuin 1	NAD-dependent protein deacetylase sirtuin-1|NAD-dependent protein deacylase sirtuin-1|SIR2-like protein 1|regulatory protein SIR2 homolog 1|sirtuin type 1	10q21.3	10	NC_000010.11	67884656	67918390	plus	11	604479	
9606	Homo sapiens	220202	0	live	ATOH7	Math5, NCRNA, PHPVAR, RNANC, bHLHa13	atonal bHLH transcription factor 7	transcription factor ATOH7|atonal homolog 7|atonal homolog bHLH transcription factor 7|class A basic helix-loop-helix protein 13|helix-loop-helix protein hATH-5|protein atonal homolog 7	10q21.3-q22.1	10	NC_000010.11	68230595	68232113	minus	1	609875	
9606	Homo sapiens	5551	0	live	PRF1	HPLH2, P1, PFP	perforin 1	perforin-1|cytolysin|lymphocyte pore-forming protein|perforin 1 (pore forming protein)	10q22.1	10	NC_000010.11	70597348	70602741	minus	3	170280	
9606	Homo sapiens	3778	0	live	KCNMA1	BKTM, CADEDS, IEG16, KCa1.1, LIWAS, MaxiK, PNKD3, SAKCA, SLO, SLO-ALPHA, SLO1, bA205K10.1, hSlo, mSLO1	potassium calcium-activated channel subfamily M alpha 1	Calcium-activated potassium channel subunit alpha-1|calcium-activated potassium channel subunit alpha-1|BK channel alpha subunit|BKCA alpha subunit|big potassium channel alpha subunit|calcium-activated potassium channel, subfamily M subunit alpha-1|k(VCA)alpha|maxi-K channel HSLO|potassium channel, calcium activated large conductance subfamily M alpha, member 1|potassium large conductance calcium-activated channel, subfamily M, alpha member 1|slo homolog|slowpoke homolog|stretch-activated Kca channel	10q22.3	10	NC_000010.11	76869602	77637969	minus	46	600150	
9606	Homo sapiens	94233	0	live	OPN4	MOP	opsin 4	melanopsin	10q23.2	10	NC_000010.11	86653495	86666460	plus	11	606665	
9606	Homo sapiens	5728	0	live	PTEN	10q23del, BZS, CWS1, DEC, GLM2, MHAM, MMAC11, PTENbeta, TEP1, PTEN	phosphatase and tensin homolog	phosphatidylinositol 3,4,5-trisphosphate 3-phosphatase and dual-specificity protein phosphatase PTEN|MMAC1 phosphatase and tensin homolog deleted on chromosome 10|PTEN variant PTEN-K267Rfs*9|PTEN variant PTEN-L247*|PTEN variant PTEN-R234Afs*11|PTENepsilon|mitochondrial PTENalpha|mitochondrial phosphatase and tensin protein alpha|mutated in multiple advanced cancers 1|phosphatase and tensin-like protein|phosphatidylinositol-3,4,5-trisphosphate 3-phosphatase and dual-specificity protein phosphatase PTEN|protein tyrosine phosphatase|truncated phosphatase and tensin-like protein	10q23.31	10	NC_000010.11	87863625	87971930	plus	10	601728	
9606	Homo sapiens	355	0	live	FAS	ALPS1A, APO-1, APT1, CD951, FASTM, TNFRSF6, FAS	Fas cell surface death receptor	tumor necrosis factor receptor superfamily member 6|APO-1 cell surface antigen|CD95 antigen|FASLG receptor|Fas (TNF receptor superfamily, member 6)|Fas AMA|TNF receptor superfamily member 6|apoptosis antigen 1|apoptosis signaling receptor FAS|apoptosis-mediating surface antigen FAS|mutant tumor necrosis receptor superfamily member 6|tumor necrosis factor receptor superfamily, member 6	10q23.31	10	NC_000010.11	88968429	89017059	plus	15	134637	
9606	Homo sapiens	3363	0	live	HTR7	5-HT7	5-hydroxytryptamine receptor 7	5-hydroxytryptamine receptor 7|5-HT-7|5-HT-X|5-hydroxytryptamine (serotonin) receptor 7 (adenylate cyclase-coupled)	10q23.31	10	NC_000010.11	90738693	90858039	minus	5	182137	
9606	Homo sapiens	8945	0	live	BTRC	BETA-TRCP, FBW1A, FBXW1, FBXW1A, FWD1, bTrCP, bTrCP1, betaTrCP	beta-transducin repeat containing E3 ubiquitin protein ligase	F-box/WD repeat-containing protein 1A|E3RSIkappaB|F-box and WD repeats protein beta-TrCP|F-box and WD-repeat protein 1B|beta-TrCP1|epididymis tissue protein Li 2a|pIkappaBalpha-E3 receptor subunit	10q24.32	10	NC_000010.11	101353808	101557313	plus	21	603482	
9606	Homo sapiens	594857	0	live	NPS		neuropeptide S	neuropeptide S|prepro-neuropeptide S	10q26.2	10	NC_000010.11	127549309	127553540	plus	3	609513	
9606	Homo sapiens	1815	0	live	DRD4	D4DR	dopamine receptor D4	D(4) dopamine receptor|D(2C) dopamine receptor|dopamine D4 receptor|seven transmembrane helix receptor	11p15.5	11	NC_000011.10	637269	640706	plus	4	126452	
9606	Homo sapiens	7054	0	live	TH	DYT14, DYT5b, TYH	tyrosine hydroxylase	tyrosine 3-monooxygenase|dystonia 14|tyrosine 3-hydroxylase	11p15.5	11	NC_000011.10	2163929	2174081	minus	14	191290	
9606	Homo sapiens	112464	0	live	CAVIN3	HSRBC, PRKCDBP, SRBC, cavin-3	caveolae associated protein 3	caveolae-associated protein 3|protein kinase C delta binding protein|sdr-related gene product that binds to c-kinase|serum deprivation response factor-related gene product that binds to C-kinase	11p15.4	11	NC_000011.10	6318946	6320501	minus	2	618303	
9606	Homo sapiens	406	0	live	ARNTL	BMAL1, BMAL1c, JAP3, MOP3, PASD3, TIC, bHLHe5	aryl hydrocarbon receptor nuclear translocator like	aryl hydrocarbon receptor nuclear translocator-like protein 1|ARNT-like protein 1, brain and muscle|PAS domain containing 3|PAS domain-containing protein 3|bHLH-PAS protein JAP3|basic helix-loop-helix family member e5|basic-helix-loop-helix-PAS orphan MOP3|basic-helix-loop-helix-PAS protein MOP3|brain and muscle ARNT-like 1|class E basic helix-loop-helix protein 5|member of PAS protein 3|member of PAS superfamily 3|testis tissue sperm-binding protein Li 50e	11p15.3	11	NC_000011.10	13276552	13387268	plus	25	602550	
9606	Homo sapiens	7166	0	live	TPH1	TPRH, TRPH	tryptophan hydroxylase 1	tryptophan 5-hydroxylase 1|L-tryptophan hydroxylase|indoleacetic acid-5-hydroxylase|tryptophan 5-monooxygenase 1|tryptophan hydroxylase (tryptophan 5-monooxygenase)	11p15.1	11	NC_000011.10	18017555	18046269	minus	11	191060	
9606	Homo sapiens	55366	0	live	LGR4	BNMD17, DPSL, GPR48	leucine rich repeat containing G protein-coupled receptor 4	leucine-rich repeat-containing G-protein coupled receptor 4|G protein-coupled receptor 48	11p14.1	11	NC_000011.10	27365961	27472790	minus	18	606666	
9606	Homo sapiens	1408	0	live	CRY2	HCRY2, PHLL2	cryptochrome circadian regulator 2	cryptochrome-2|cryptochrome 2 (photolyase-like)|cryptochrome circadian clock 2|growth-inhibiting protein 37	11p11.2	11	NC_000011.10	45847118	45883244	plus	13	603732	
9606	Homo sapiens	10062	0	live	NR1H3	LXR-a, LXRA, RLD-1	nuclear receptor subfamily 1 group H member 3	oxysterols receptor LXR-alpha	11p11.2	11	NC_000011.10	47248300	47269033	plus	17	602423	
9606	Homo sapiens	1128	0	live	CHRM1	HM1, M1, M1R	cholinergic receptor muscarinic 1	muscarinic acetylcholine receptor M1|acetylcholine receptor, muscarinic 1	11q12.3	11	NC_000011.10	62908675	62921861	minus	3	118510	
9606	Homo sapiens	5936	0	live	RBM4	LARKA, ZCCHC21, ZCRB3A, RBM4	RNA binding motif protein 4	RNA-binding protein 4|RNA-binding motif protein 4a|lark homolog|transcriptional coactivator CoAZ|zinc finger CCHC-type and RNA binding motif 3A	11q13.2	11	NC_000011.10	66638703	66668380	plus	5	602571	
9606	Homo sapiens	83759	0	live	RBM4B	RBM30, RBM4L, ZCCHC15, ZCCHC21B, ZCRB3B	RNA binding motif protein 4B	RNA-binding protein 4B|RNA-binding motif protein 30|zinc finger CCHC-type and RNA binding motif 3B	11q13.2	11	NC_000011.10	66664998	66677887	minus	5		
9606	Homo sapiens	5499	0	live	PPP1CA	PP-1A, PP1A, PP1alpha, PPP1A	protein phosphatase 1 catalytic subunit alpha	serine/threonine-protein phosphatase PP1-alpha catalytic subunit|protein phosphatase 1, catalytic subunit, alpha isozyme|serine/threonine protein phosphatase PP1-alpha 1 catalytic subunit|testicular tissue protein Li 155	11q13.2	11	NC_000011.10	67398183	67401858	minus	7	176875	
9606	Homo sapiens	1374	0	live	CPT1A	CPT1, CPT1-L, L-CPT1	carnitine palmitoyltransferase 1A	carnitine O-palmitoyltransferase 1, liver isoform|CPT I|CPTI-L|carnitine palmitoyltransferase 1A (liver)|carnitine palmitoyltransferase I, liver	11q13.3	11	NC_000011.10	68754620	68844410	minus	22	600528	
9606	Homo sapiens	4544	0	live	MTNR1B	FGQTL2, MEL-1B-R, MT2	melatonin receptor 1B	melatonin receptor type 1B|mel1b receptor|melatonin receptor MEL1B	11q14.3	11	NC_000011.10	92969651	92986241	plus	4	600804	
9606	Homo sapiens	1813	0	live	DRD2	D2DR, D2R	dopamine receptor D2	D(2) dopamine receptor|dopamine D2 receptor|seven transmembrane helix receptor	11q23.2	11	NC_000011.10	113409605	113475398	minus	9	126450	
9606	Homo sapiens	4297	0	live	KMT2A	ALL-1, ALL1, CXXC7, HRX, HTRX, HTRX1, MLL, MLL1, MLL1A, TRX1, WDSTS	lysine methyltransferase 2A	histone-lysine N-methyltransferase 2A|Acute lymphocytic 1|CXXC-type zinc finger protein 7|lysine (K)-specific methyltransferase 2A|lysine N-methyltransferase 2A|mixed lineage leukemia 1|myeloid/lymphoid or mixed-lineage leukemia (trithorax homolog, Drosophila)|trithorax-like protein|zinc finger protein HRX	11q23.3	11	NC_000011.10	118436492	118526832	plus	37	159555	
9606	Homo sapiens	9099	0	live	USP2	UBP41, USP9	ubiquitin specific peptidase 2	ubiquitin carboxyl-terminal hydrolase 2|41 kDa ubiquitin-specific protease|deubiquitinating enzyme 2|ubiquitin specific protease 12|ubiquitin specific protease 9|ubiquitin thioesterase 2|ubiquitin-specific-processing protease 2	11q23.3	11	NC_000011.10	119355215	119381690	minus	17	604725	
9606	Homo sapiens	5927	0	live	KDM5A	RBBP-2, RBBP2, RBP2	lysine demethylase 5A	lysine-specific demethylase 5A|Jumonji, AT rich interactive domain 1A (RBP2-like)|[histone H3]-trimethyl-L-lysine(4) demethylase 5A|histone demethylase JARID1A|jumonji/ARID domain-containing protein 1A|lysine (K)-specific demethylase 5A|retinoblastoma binding protein 2	12p13.33	12	NC_000012.12	280057	389320	minus	28	180202	
9606	Homo sapiens	50865	0	live	HEBP1	HBP, HEBP	heme binding protein 1	heme-binding protein 1|p22HBP	12p13.1	12	NC_000012.12	12974870	13000265	minus	4	605826	
9606	Homo sapiens	79365	0	live	BHLHE41	BHLHB3, DEC2, FNSS1, SHARP1, hDEC2	basic helix-loop-helix family member e41	class E basic helix-loop-helix protein 41|basic helix-loop-helix domain containing, class B, 3|differentially expressed in chondrocytes protein 2|enhancer-of-split and hairy-related protein 1	12p12.1	12	NC_000012.12	26120030	26125037	minus	5	606200	
9606	Homo sapiens	56938	0	live	ARNTL2	BMAL2, CLIF, MOP9, PASD9, bHLHe6	aryl hydrocarbon receptor nuclear translocator like 2	aryl hydrocarbon receptor nuclear translocator-like protein 2|CYCLE-like factor|PAS domain-containing protein 9|basic-helix-loop-helix-PAS protein MOP9|brain and muscle ARNT-like 2|class E basic helix-loop-helix protein 6|member of PAS protein 9|transcription factor BMAL2	12p11.23	12	NC_000012.12	27332836	27425286	plus	20	614517	
9606	Homo sapiens	8914	0	live	TIMELESS	TIM, TIM1, hTIM	timeless circadian regulator	protein timeless homolog|Tof1 homolog|timeless circadian clock 1|timeless homolog	12q13.3	12	NC_000012.12	56416363	56449426	minus	29	603887	
9606	Homo sapiens	1019	0	live	CDK4	CMM3, PSK-J3	cyclin dependent kinase 4	cyclin-dependent kinase 4|cell division protein kinase 4	12q14.1	12	NC_000012.12	57747727	57752310	minus	8	123829	
9606	Homo sapiens	121278	0	live	TPH2	ADHD7, NTPH	tryptophan hydroxylase 2	tryptophan 5-hydroxylase 2|neuronal tryptophan hydroxylase|tryptophan 5-monooxygenase 2	12q21.1	12	NC_000012.12	71938845	72032440	plus	13	607478	
9606	Homo sapiens	1407	0	live	CRY1	DSPD, PHLL1	cryptochrome circadian regulator 1	cryptochrome-1|cryptochrome 1 (photolyase-like)|cryptochrome circadian clock 1	12q23.3	12	NC_000012.12	106991364	107093872	minus	14	601933	
9606	Homo sapiens	5501	0	live	PPP1CC	PP-1G, PP1C, PPP1G	protein phosphatase 1 catalytic subunit gamma	serine/threonine-protein phosphatase PP1-gamma catalytic subunit|protein phosphatase 1, catalytic subunit, gamma isozyme|protein phosphatase 1C catalytic subunit|serine/threonine phosphatase 1 gamma	12q24.11	12	NC_000012.12	110708369	110742914	minus	10	176914	
9606	Homo sapiens	7316	0	live	UBC	HMG20	ubiquitin C	polyubiquitin-C	12q24.31	12	NC_000012.12	124911646	124914650	minus	2	191340	
9606	Homo sapiens	55269	0	live	PSPC1	PSP1	paraspeckle component 1	paraspeckle component 1|paraspeckle protein 1	13q12.11	13	NC_000013.11	19674752	19782945	minus	16	612408	
9606	Homo sapiens	26224	0	live	FBXL3	FBL3, FBL3AA, IDDSFAS, FBXL3	F-box and leucine rich repeat protein 3	F-box/LRR-repeat protein 3|F-box and leucine-rich repeat protein 3A|F-box protein Fbl3a|F-box/LRR-repeat protein 3A	13q22.3	13	NC_000013.11	76992597	77027164	minus	6	605653	
9606	Homo sapiens	2155	0	live	F7	SPCA	coagulation factor VII	coagulation factor VII|FVII coagulation protein|coagulation factor VII (serum prothrombin conversion accelerator)|eptacog alfa|proconvertin	13q34	13	NC_000013.11	113105773	113120685	plus	10	613878	
9606	Homo sapiens	56339	0	live	METTL3	IME4, M6A, MT-A70, Spo8, hMETTL3	methyltransferase 3, N6-adenosine-methyltransferase complex catalytic subunit	N6-adenosine-methyltransferase catalytic subunit|N6-adenosine-methyltransferase 70 kDa subunit|adoMet-binding subunit of the human mRNA (N6-adenosine)-methyltransferase|mRNA (2'-O-methyladenosine-N(6)-)-methyltransferase|mRNA m(6)A methyltransferase|methyltransferase like 3|methyltransferase-like protein 3	14q11.2	14	NC_000014.9	21498138	21511340	minus	10	612472	
9606	Homo sapiens	10419	0	live	PRMT5	HRMT1L5, HSL7, IBP72, JBP1, SKB1, SKB1Hs	protein arginine methyltransferase 5	protein arginine N-methyltransferase 5|72 kDa ICln-binding protein|HMT1 hnRNP methyltransferase-like 5|SKB1 homolog|histone-arginine N-methyltransferase PRMT5|jak-binding protein 1|shk1 kinase-binding protein 1 homolog	14q11.2	14	NC_000014.9	22920526	22929392	minus	18	604045	
9606	Homo sapiens	7080	0	live	NKX2-1	BCH, BHC, NK-2, NKX2.1, NKX2A, NMTC1, T/EBP, TEBP, TITF1, TTF-1, TTF1	NK2 homeobox 1	homeobox protein Nkx-2.1|NK-2 homolog A|homeobox protein NK-2 homolog A|thyroid nuclear factor 1|thyroid transcription factor 1|thyroid-specific enhancer-binding protein	14q13.3	14	NC_000014.9	36516397	36520232	minus	3	600635	
9606	Homo sapiens	85457	0	live	CIPC	KIAA1737	CLOCK interacting pacemaker	CLOCK-interacting pacemaker|CLOCK-interacting circadian protein|CLOCK-interacting protein, circadian	14q24.3	14	NC_000014.9	77098258	77117287	plus	4	616995	
9606	Homo sapiens	9112	0	live	MTA1		metastasis associated 1	metastasis-associated protein MTA1|metastasis associated gene 1 protein	14q32.33	14	NC_000014.9	105419827	105470729	plus	23	603526	
9606	Homo sapiens	54551	0	live	MAGEL2	NDNL1, PWLS, SHFYNG, nM15	MAGE family member L2	MAGE-like protein 2|melanoma antigen family L2|necdin-like protein 1|protein nM15	15q11.2	15	NC_000015.10	23643549	23647867	minus	1	605283	
9606	Homo sapiens	7337	0	live	UBE3A	ANCR, AS, E6-AP, EPVE6AP, HPVE6A	ubiquitin protein ligase E3A	ubiquitin-protein ligase E3A|CTCL tumor antigen se37-2|E6AP ubiquitin-protein ligase|HECT-type ubiquitin transferase E3A|human papilloma virus E6-associated protein|human papillomavirus E6-associated protein|oncogenic protein-associated protein E6-AP|renal carcinoma antigen NY-REN-54	15q11.2	15	NC_000015.10	25333728	25439381	minus	21	601623	
9606	Homo sapiens	6095	0	live	RORA	IDDECA, NR1F1, ROR1, ROR2, ROR3, RZR-ALPHA, RZRA	RAR related orphan receptor A	nuclear receptor ROR-alpha|ROR-alpha|nuclear receptor RZR-alpha|nuclear receptor subfamily 1 group F member 1|retinoic acid receptor-related orphan receptor alpha|retinoid-related orphan receptor alpha|transcription factor RZR-alpha	15q22.2	15	NC_000015.10	60488284	61229302	minus	21	600825	
9606	Homo sapiens	5371	0	live	PML	MYL, PP8675, RNF71, TRIM19	PML nuclear body scaffold	protein PML|E3 SUMO-protein ligase PML|PML/RARA fusion|RING finger protein 71|RING-type E3 SUMO transferase PML|probable transcription factor PML|promyelocytic leukemia protein|promyelocytic leukemia, inducer of|tripartite motif protein TRIM19|tripartite motif-containing protein 19	15q24.1	15	NC_000015.10	73994716	74047827	plus	10	102578	
9606	Homo sapiens	25942	0	live	SIN3A	WITKOS	SIN3 transcription regulator family member A	paired amphipathic helix protein Sin3a|SIN3 homolog A, transcription regulator|histone deacetylase complex subunit Sin3a|transcriptional co-repressor Sin3A|transcriptional corepressor Sin3a|transcriptional regulator, SIN3A	15q24.2	15	NC_000015.10	75369379	75455819	minus	26	607776	
9606	Homo sapiens	9915	0	live	ARNT2	WEDAS, bHLHe1	aryl hydrocarbon receptor nuclear translocator 2	aryl hydrocarbon receptor nuclear translocator 2|ARNT protein 2|class E basic helix-loop-helix protein 1	15q25.1	15	NC_000015.10	80404382	80597933	plus	19	606036	
9606	Homo sapiens	100847042	0	live	MIR5572		microRNA 5572	hsa-mir-5572	15q25.1	15	NC_000015.10	80581103	80581239	plus	1		
9606	Homo sapiens	4916	0	live	NTRK3	GP145-TrkC, TRKC, gp145(trkC)	neurotrophic receptor tyrosine kinase 3	NT-3 growth factor receptor|ETS related protein-neurotrophic receptor tyrosine kinase fusion protein|ETV6-NTRK3 fusion|neurotrophic tyrosine kinase, receptor, type 3|tyrosine kinase receptor C	15q25.3	15	NC_000015.10	87859749	88256796	minus	35	191316	
9606	Homo sapiens	9956	0	live	HS3ST2	30ST2, 3OST2	heparan sulfate-glucosamine 3-sulfotransferase 2	heparan sulfate glucosamine 3-O-sulfotransferase 2|3-OST-2|h3-OST-2|heparan sulfate (glucosamine) 3-O-sulfotransferase 2|heparan sulfate 3-O-sulfotransferase 2|heparan sulfate D-glucosaminyl 3-O-sulfotransferase 2|heparin-glucosamine 3-O-sulfotransferase	16p12.2	16	NC_000016.10	22814162	22916338	plus	4	604056	
9606	Homo sapiens	181	0	live	AGRP	AGRT, ART, ASIP2	agouti related neuropeptide	agouti-related protein|agouti related protein homolog	16q22.1	16	NC_000016.10	67482571	67483547	minus	4	602311	
9606	Homo sapiens	463	0	live	ZFHX3	ATBF1, ATBT, C16orf47, ZFH-3, ZNF927	zinc finger homeobox 3	zinc finger homeobox protein 3|AT motif-binding factor 1|AT-binding transcription factor 1|alpha-fetoprotein enhancer binding protein|zinc finger homeodomain protein 3	16q22.2-q22.3	16	NC_000016.10	72782885	73891931	minus	23	104155	
9606	Homo sapiens	10514	0	live	MYBBP1A	P160, PAP2, Pol5	MYB binding protein 1a	myb-binding protein 1A|MYB binding protein (P160) 1a|p53-activated protein-2	17p13.2	17	NC_000017.11	4538904	4555384	minus	27	604885	
9606	Homo sapiens	7157	0	live	TP53	BCC7, BMFS5, LFS1, P53, TRP53	tumor protein p53	cellular tumor antigen p53|antigen NY-CO-13|mutant tumor protein 53|p53 tumor suppressor|phosphoprotein p53|transformation-related protein 53|tumor protein 53|tumor supressor p53	17p13.1	17	NC_000017.11	7668421	7687490	minus	12	191170	
9606	Homo sapiens	5187	0	live	PER1	PER, RIGUI, hPER	period circadian regulator 1	period circadian protein homolog 1|Period, drosophila, homolog of|circadian clock protein PERIOD 1|circadian pacemaker protein RIGUI|hPER1|period circadian clock 1|period homolog 1	17p13.1	17	NC_000017.11	8140472	8152404	minus	23	602260	
9606	Homo sapiens	102465532	0	live	MIR6883	hsa-mir-6883	microRNA 6883	microRNA mir-6883	17p13.1	17	NC_000017.11	8144994	8145071	minus	1		
9606	Homo sapiens	9611	0	live	NCOR1	N-CoR, N-CoR1, PPP1R109, TRAC1, hN-CoR	nuclear receptor corepressor 1	nuclear receptor corepressor 1|protein phosphatase 1, regulatory subunit 109|thyroid hormone- and retinoic acid receptor-associated corepressor 1	17p12-p11.2	17	NC_000017.11	16029157	16216475	minus	54	600849	
9606	Homo sapiens	10743	0	live	RAI1	SMCR, SMS	retinoic acid induced 1	retinoic acid-induced protein 1|Smith-Magenis syndrome chromosome region	17p11.2	17	NC_000017.11	17681376	17811453	plus	9	607642	
9606	Homo sapiens	6720	0	live	SREBF1	HMD, IFAP2, SREBP1, bHLHd1	sterol regulatory element binding transcription factor 1	sterol regulatory element-binding protein 1|class D basic helix-loop-helix protein 1	17p11.2	17	NC_000017.11	17811334	17837017	minus	23	184756	
9606	Homo sapiens	4843	0	live	NOS2	HEP-NOS, INOS, NOSA, NOS2	nitric oxide synthase 2	nitric oxide synthase, inducible|NOS, type II|hepatocyte NOS|inducible NO synthase|inducible NOS|nitric oxide synthase 2, inducible|nitric oxide synthase 2A (inducible, hepatocytes)|nitric oxide synthase, macrophage|peptidyl-cysteine S-nitrosylase NOS2	17q11.2	17	NC_000017.11	27756766	27800529	minus	27	163730	
9606	Homo sapiens	6532	0	live	SLC6A4	5-HTT, 5-HTTLPR, 5HTT, HTT, OCD1, SERT, SERT1, hSERT	solute carrier family 6 member 4	sodium-dependent serotonin transporter|5-hydroxytryptamine (serotonin) transporter|5HT transporter|Na+/Cl- dependent serotonin transporter|serotonin transporter 1|solute carrier family 6 (neurotransmitter transporter), member 4|solute carrier family 6 (neurotransmitter transporter, serotonin), member 4	17q11.2	17	NC_000017.11	30194319	30235697	minus	15	182138	
9606	Homo sapiens	6928	0	live	HNF1B	ADTKD3, FJHN, HNF-1-beta, HNF-1B, HNF1beta, HNF2, HPC11, LF-B3, LFB3, MODY5, RCAD, T2D, TCF-2, TCF2, VHNF1	HNF1 homeobox B	hepatocyte nuclear factor 1-beta|HNF1 beta A|homeoprotein LFB3|transcription factor 2, hepatic	17q12	17	NC_000017.11	37686431	37745059	minus	11	189907	
9606	Homo sapiens	9572	0	live	NR1D1	EAR1, REVERBA, REVERBalpha, THRA1, THRAL, ear-1, hRev	nuclear receptor subfamily 1 group D member 1	nuclear receptor subfamily 1 group D member 1|Rev-ErbAalpha|V-erbA-related protein 1|nuclear receptor Rev-ErbA-alpha|rev-erbA-alpha	17q21.1	17	NC_000017.11	40092793	40100589	minus	8	602408	
9606	Homo sapiens	7153	0	live	TOP2A	TOP2, TOP2alpha, TOPIIA, TP2A	DNA topoisomerase II alpha	DNA topoisomerase 2-alpha|DNA gyrase|DNA topoisomerase (ATP-hydrolyzing)|DNA topoisomerase II, 170 kD|DNA topoisomerase II, alpha isozyme|topoisomerase (DNA) II alpha 170kDa	17q21.2	17	NC_000017.11	40388525	40417902	minus	36	126430	
9606	Homo sapiens	4669	0	live	NAGLU	CMT2V, MPS-IIIB, MPS3B, NAG, UFHSD	N-acetyl-alpha-glucosaminidase	alpha-N-acetylglucosaminidase|N-acetylglucosaminidase, alpha|testicular tissue protein Li 18	17q21.2	17	NC_000017.11	42534238	42544449	plus	7	609701	
9606	Homo sapiens	4804	0	live	NGFR	CD271, Gp80-LNGFR, TNFRSF16, p75(NTR), p75NTR	nerve growth factor receptor	tumor necrosis factor receptor superfamily member 16|NGF receptor|TNFR superfamily, member 16|low affinity neurotrophin receptor p75NTR|low-affinity nerve growth factor receptor|p75 ICD	17q21.33	17	NC_000017.11	49495293	49515008	plus	6	162010	
9606	Homo sapiens	1655	0	live	DDX5	G17P1, HLR1, HUMP68, p68	DEAD-box helicase 5	probable ATP-dependent RNA helicase DDX5|ATP-dependent RNA helicase DDX5|DEAD (Asp-Glu-Ala-Asp) box helicase 5|DEAD (Asp-Glu-Ala-Asp) box polypeptide 5|DEAD box protein 5|DEAD box-5|DEAD/H (Asp-Glu-Ala-Asp/His) box polypeptide 5 (RNA helicase, 68kD)|RNA helicase p68	17q23.3	17	NC_000017.11	64498254	64506866	minus	16	180630	
9606	Homo sapiens	100616387	0	live	MIR3064		microRNA 3064	hsa-mir-3064	17q23.3	17	NC_000017.11	64500774	64500839	minus	1		
9606	Homo sapiens	100616408	0	live	MIR5047		microRNA 5047	hsa-mir-5047	17q23.3	17	NC_000017.11	64501214	64501313	minus	1		
9606	Homo sapiens	15	0	live	AANAT	DSPS, SNAT	aralkylamine N-acetyltransferase	serotonin N-acetyltransferase|arylalkylamine N-acetyltransferase|serotonin acetylase	17q25.1	17	NC_000017.11	76453351	76470797	plus	8	600950	
9606	Homo sapiens	1453	0	live	CSNK1D	ASPS, CKI-delta, CKId, CKIdelta, FASPS2, HCKID	casein kinase 1 delta	casein kinase I isoform delta|casein kinase I|tau-protein kinase CSNK1D	17q25.3	17	NC_000017.11	82239019	82273750	minus	13	600864	
9606	Homo sapiens	2837	0	live	UTS2R	GPR14, UR-2-R, UTR, UTR2	urotensin 2 receptor	urotensin-2 receptor|G-protein coupled receptor 14|UR-II-R|urotensin II receptor	17q25.3	17	NC_000017.11	82371765	82377458	plus	3	600896	
9606	Homo sapiens	7298	0	live	TYMS	HST422, TMS, TS	thymidylate synthetase	thymidylate synthase|TSase	18p11.32	18	NC_000018.10	657653	673578	plus	8	188350	
9606	Homo sapiens	8792	0	live	TNFRSF11A	CD265, FEO, LOH18CR1, ODFR, OFE, OPTB7, OSTS, PDB2, RANK, TRANCE-R, TRANCER	TNF receptor superfamily member 11a	tumor necrosis factor receptor superfamily member 11A|Paget disease of bone 2|TRANCE receptor|familial expansile osteolysis|loss of heterozygosity, 18, chromosomal region 1|osteoclast differentiation factor receptor|receptor activator of NF-KB|receptor activator of nuclear factor-kappa B|tumor necrosis factor receptor superfamily, member 11a, NFKB activator	18q21.33	18	NC_000018.10	62325310	62391288	plus	12	603499	
9606	Homo sapiens	23239	0	live	PHLPP1	PHLPP, PLEKHE1, PPM3A, SCOP	PH domain and leucine rich repeat protein phosphatase 1	PH domain leucine-rich repeat-containing protein phosphatase 1|PH domain-containing family E member 1|SCN circadian oscillatory protein|pleckstrin homology domain containing, family E (with leucine rich repeats) member 1|protein phosphatase, Mg2+/Mn2+ dependent 3A|suprachiasmatic nucleus circadian oscillatory protein	18q21.33	18	NC_000018.10	62715541	62980433	plus	17	609396	
9606	Homo sapiens	2767	0	live	GNA11	FBH, FBH2, FHH2, GNA-11, HG1K, HHC2, HYPOC2	G protein subunit alpha 11	guanine nucleotide-binding protein subunit alpha-11|g alpha-11|guanine nucleotide binding protein (G protein), alpha 11 (Gq class)|guanine nucleotide-binding protein G(y) subunit alpha|heterotrimeric guanine nucleotide-binding protein 1K	19p13.3	19	NC_000019.10	3094362	3123999	plus	7	139313	
9606	Homo sapiens	2063	0	live	NR2F6	EAR-2, EAR2, ERBAL2	nuclear receptor subfamily 2 group F member 6	nuclear receptor subfamily 2 group F member 6|ERBA-related gene-2|V-erbA-related protein 2|nuclear receptor V-erbA-related|v-erb-a avian erythroblastic leukemia viral oncogene homolog-like 2	19p13.11	19	NC_000019.10	17231883	17245919	minus	4	132880	
9606	Homo sapiens	3727	0	live	JUND	AP-1	JunD proto-oncogene, AP-1 transcription factor subunit	transcription factor JunD|activator protein 1|jun D proto-oncogene|transcription factor AP-1 subunit JunD|transcription factor jun-D	19p13.11	19	NC_000019.10	18279694	18281622	minus	1	165162	
9606	Homo sapiens	7311	0	live	UBA52	CEP52, HUBCEP52, L40, RPL40	ubiquitin A-52 residue ribosomal protein fusion product 1	ubiquitin-60S ribosomal protein L40|ubiquitin carboxyl extension protein 52|ubiquitin-52 amino acid fusion protein|ubiquitin-CEP52	19p13.11	19	NC_000019.10	18563766	18577550	plus	7	191321	
9606	Homo sapiens	23373	0	live	CRTC1	MAML2, MECT1, Mam-2, TORC-1, TORC1, WAMTP1	CREB regulated transcription coactivator 1	CREB-regulated transcription coactivator 1|Mastermind-like protein 2|mucoepidermoid carcinoma translocated protein 1|transducer of regulated cAMP response element-binding protein (CREB) 1	19p13.11	19	NC_000019.10	18683621	18782333	plus	18	607536	
9606	Homo sapiens	5971	0	live	RELB	I-REL, IMD53, IREL, REL-B	RELB proto-oncogene, NF-kB subunit	transcription factor RelB|v-rel avian reticuloendotheliosis viral oncogene homolog B (nuclear factor of kappa light polypeptide gene enhancer in B-cells 3)|v-rel reticuloendotheliosis viral oncogene homolog B, nuclear factor of kappa light polypeptide gene enhancer in B-cells 3	19q13.32	19	NC_000019.10	45001449	45038194	plus	12	604758	
9606	Homo sapiens	1406	0	live	CRX	CORD2, CRD, LCA7, OTX3	cone-rod homeobox	cone-rod homeobox protein|orthodenticle homeobox 3	19q13.33	19	NC_000019.10	47821937	47843324	plus	4	602225	
9606	Homo sapiens	1628	0	live	DBP	DABP, taxREB302	D-box binding PAR bZIP transcription factor	D site-binding protein|D site of albumin promoter (albumin D-box) binding protein|albumin D box-binding protein|albumin D-element-binding protein|tax-responsive enhancer element-binding protein 302	19q13.33	19	NC_000019.10	48630030	48637379	minus	4	124097	
9606	Homo sapiens	22809	0	live	ATF5	ATFX, HMFN0395	activating transcription factor 5	cyclic AMP-dependent transcription factor ATF-5|cAMP-dependent transcription factor ATF-5|transcription factor ATFx	19q13.33	19	NC_000019.10	49928906	49933935	plus	5	606398	
9606	Homo sapiens	100616483	0	live	MIR4751		microRNA 4751	hsa-mir-4751	19q13.33	19	NC_000019.10	49933064	49933137	plus	1		
9606	Homo sapiens	5582	0	live	PRKCG	PKC-gamma, PKCC, PKCG, PKCI(3), PKCgamma, SCA14	protein kinase C gamma	protein kinase C gamma type	19q13.42	19	NC_000019.10	53882197	53907652	plus	18	176980	
9606	Homo sapiens	551	0	live	AVP	ADH, ARVP-NPII, AVRP, VP, AVP	arginine vasopressin	vasopressin-neurophysin 2-copeptin|antidiuretic hormone|copeptin|neurohypophyseal|prepro-AVP-NP II|prepro-arginine-vasopressin-neurophysin II|vasopressin-neurophysin II-copeptin	20p13	20	NC_000020.11	3082556	3093521	minus	4	192340	
9606	Homo sapiens	128674	0	live	PROKR2	GPR73L1, GPR73b, GPRg2, HH3, KAL3, PKR2, dJ680N4.3	prokineticin receptor 2	prokineticin receptor 2|G protein-coupled receptor 73-like 1|G-protein coupled receptor I5E|PK-R2	20p12.3	20	NC_000020.11	5298852	5316954	minus	4	607123	
9606	Homo sapiens	1471	0	live	CST3	ARMD11, HEL-S-2	cystatin C	cystatin-C|bA218C14.4 (cystatin C)|cystatin 3|epididymis secretory protein Li 2|gamma-trace|neuroendocrine basic polypeptide|post-gamma-globulin	20p11.21	20	NC_000020.11	23626706	23637955	minus	4	604312	
9606	Homo sapiens	191	0	live	AHCY	SAHH, adoHcyase	adenosylhomocysteinase	adenosylhomocysteinase|S-adenosyl-L-homocysteine hydrolase|S-adenosylhomocysteine hydrolase|epididymis secretory sperm binding protein	20q11.22	20	NC_000020.11	34235012	34311976	minus	17	180960	
9606	Homo sapiens	2691	0	live	GHRH	GHRF, GRF, INN	growth hormone releasing hormone	somatoliberin|growth hormone releasing factor|sermorelin|somatocrinin|somatorelin	20q11.23	20	NC_000020.11	37251086	37261814	minus	5	139190	
9606	Homo sapiens	7150	0	live	TOP1	TOPI	DNA topoisomerase I	DNA topoisomerase 1|Scl-70 antigen|topoisomerase (DNA) I|type I DNA topoisomerase	20q12	20	NC_000020.11	41028822	41124487	plus	21	126420	
9606	Homo sapiens	100	0	live	ADA	ADA1	adenosine deaminase	adenosine deaminase|adenosine aminohydrolase	20q13.12	20	NC_000020.11	44619522	44651699	minus	12	608958	
9606	Homo sapiens	4159	0	live	MC3R	BMIQ9, MC3, MC3-R, OB20, OQTL	melanocortin 3 receptor	melanocortin receptor 3|obesity quantitative trait locus	20q13.2	20	NC_000020.11	56248732	56249815	plus	1	155540	
9606	Homo sapiens	4987	0	live	OPRL1	KOR-3, KOR3, NOCIR, NOP, NOPr, OOR, OPRL, ORL1, PNOCR	opioid related nociceptin receptor 1	nociceptin receptor|kappa-type 3 opioid receptor|kappa3-related opioid receptor|nociceptin/orphanin FQ receptor|opiate receptor-like 1|orphanin FQ receptor	20q13.33	20	NC_000020.11	64080082	64100643	plus	8	602548	
9606	Homo sapiens	8204	0	live	NRIP1	CAKUT3, RIP140	nuclear receptor interacting protein 1	nuclear receptor-interacting protein 1|nuclear factor RIP140|receptor-interacting protein 140	21q11.2-q21.1	21	NC_000021.9	14961235	15065903	minus	10	602490	
9606	Homo sapiens	1859	0	live	DYRK1A	DYRK, DYRK1, HP86, MNB, MNBH, MRD7	dual specificity tyrosine phosphorylation regulated kinase 1A	dual specificity tyrosine-phosphorylation-regulated kinase 1A|MNB/DYRK protein kinase|dual specificity YAK1-related kinase|dual specificity tyrosine-(Y)-phosphorylation regulated kinase 1A|mnb protein kinase homolog hp86|protein kinase minibrain homolog|serine/threonine kinase MNB|serine/threonine-specific protein kinase	21q22.13	21	NC_000021.9	37365573	37526358	plus	21	600855	
9606	Homo sapiens	150094	0	live	SIK1	DEE30, MSK, SIK, SIK-1B, SNF1LK, SIK1	salt inducible kinase 1	serine/threonine-protein kinase SIK1|Probable serine/threonine-protein kinase SIK1B|SNF1-like kinase|Salt-inducible kinase 1B|myocardial SNF1-like kinase|salt-inducible protein kinase 1|serine/threonine-protein kinase SNF1-like kinase 1|serine/threonine-protein kinase SNF1LK	21q22.3	21	NC_000021.9	43414483	43427131	minus	14	605705	
9606	Homo sapiens	135	0	live	ADORA2A	A2aR, ADORA2, RDC8	adenosine A2a receptor	adenosine receptor A2a|adenosine receptor subtype A2a	22q11.23	22	NC_000022.11	24423597	24442357	plus	6	102776	
9606	Homo sapiens	1454	0	live	CSNK1E	CKIe, CKIepsilon, HCKIE	casein kinase 1 epsilon	casein kinase I isoform epsilon	22q13.1	22	NC_000022.11	38290691	38318084	minus	12	600863	
9606	Homo sapiens	102800317	0	live	TPTEP2-CSNK1E	LOC400927-CSNK1E	TPTEP2-CSNK1E readthrough	casein kinase I isoform epsilon|CKI-epsilon|LOC400927-CSNK1E readthrough	22q13.1	22	NC_000022.11	38290691	38398915	minus	15		
9606	Homo sapiens	468	0	live	ATF4	CREB-2, CREB2, TAXREB67, TXREB	activating transcription factor 4	cyclic AMP-dependent transcription factor ATF-4|DNA-binding protein TAXREB67|cAMP response element-binding protein 2|cAMP-dependent transcription factor ATF-4|cAMP-responsive element-binding protein 2|cyclic AMP-responsive element-binding protein 2|tax-responsive enhancer element B67|tax-responsive enhancer element-binding protein 67	22q13.1	22	NC_000022.11	39514494	39522686	plus	3	604064	
9606	Homo sapiens	100302237	0	live	MIR1281	MIRN1281, hsa-mir-1281	microRNA 1281		22q13.2	22	NC_000022.11	41092513	41092566	plus	1		
9606	Homo sapiens	2033	0	live	EP300	KAT3B, MKHK2, RSTS2, p300	E1A binding protein p300	histone acetyltransferase p300|E1A-associated protein p300|E1A-binding protein, 300kD|histone butyryltransferase p300|histone crotonyltransferase p300|p300 HAT|protein 2-hydroxyisobutyryltransferase p300|protein lactyltransferas p300|protein propionyltransferase p300	22q13.2	22	NC_000022.11	41092592	41180077	plus	31	602700	
9606	Homo sapiens	5465	0	live	PPARA	NR1C1, PPAR, PPAR-alpha, PPARalpha, hPPAR	peroxisome proliferator activated receptor alpha	peroxisome proliferator-activated receptor alpha|nuclear receptor subfamily 1 group C member 1|peroxisome proliferative activated receptor, alpha	22q13.31	22	NC_000022.11	46150526	46243756	plus	14	170998	
9606	Homo sapiens	6839	0	live	SUV39H1	H3-K9-HMTase 1, KMT1A, MG44, SUV39H	SUV39H1 histone lysine methyltransferase	histone-lysine N-methyltransferase SUV39H1|Su(var)3-9 homolog 1|histone H3-K9 methyltransferase 1|histone-lysine N-methyltransferase, H3 lysine-9 specific 1|lysine N-methyltransferase 1A|position-effect variegation 3-9 homolog|suppressor of variegation 3-9 homolog 1	Xp11.23	X	NC_000023.11	48695554	48709016	plus	7	300254	
9606	Homo sapiens	9500	0	live	MAGED1	DLXIN-1, NRAGE	MAGE family member D1	melanoma-associated antigen D1|MAGE tumor antigen CCF|MAGE-D1 antigen|melanoma antigen family D, 1|melanoma antigen family D1|neurotrophin receptor-interacting MAGE homolog	Xp11.22	X	NC_000023.11	51802998	51902354	plus	18	300224	
9606	Homo sapiens	4841	0	live	NONO	MRXS34, NMT55, NRB54, P54, P54NRB, PPP1R114	non-POU domain containing octamer binding	non-POU domain-containing octamer-binding protein|54 kDa nuclear RNA- and DNA-binding protein|55 kDa nuclear protein|DNA-binding p52/p100 complex, 52 kDa subunit|non-POU domain-containing octamer (ATGCAAAT) binding protein|p54(nrb)|protein phosphatase 1, regulatory subunit 114	Xq13.1	X	NC_000023.11	71283635	71301168	plus	13	300084	
9606	Homo sapiens	8473	0	live	OGT	HINCUT-1, HRNT1, MRX106, O-GLCNAC1, XLID106, OGT	O-linked N-acetylglucosamine (GlcNAc) transferase	UDP-N-acetylglucosamine--peptide N-acetylglucosaminyltransferase 110 kDa subunit|O-GlcNAc transferase p110 subunit|O-GlcNAc transferase subunit p110|O-linked N-acetylglucosamine (GlcNAc) transferase (UDP-N-acetylglucosamine:polypeptide-N-acetylglucosaminyl transferase)|O-linked N-acetylglucosamine transferase 110 kDa subunit|UDP-N-acetylglucosamine:polypeptide-N-acetylglucosaminyl transferase|uridinediphospho-N-acetylglucosamine:polypeptide beta-N-acetylglucosaminyl transferase	Xq13.1	X	NC_000023.11	71533104	71575892	plus	22	300255	
9606	Homo sapiens	139135	0	live	PASD1	CT63, CT64, OXTES1	PAS domain containing repressor 1	circadian clock protein PASD1|PAS domain containing 1|cancer/testis antigen 63	Xq28	X	NC_000023.11	151563184	151676739	plus	16	300993	